5615.05658864975, 0.06, 0.0, 0.0, 0.0
1.0, 3.0672406223022772, 67.0, 562.3125, 12.502023102071286
2.0, -18.337812130005943, 76.0, 278.96875, 10.979928043179887
3.0, -8.016858680269987, 63.0, 274.3125, 10.29320390020022
4.0, 4.611941453082365, 91.0, 87.0625, 4.769354155140894
5.0, 2.7971283403307803, 119.0, 132.65625, 7.943113225853787
6.0, 3.10805275709716, 86.0, 73.25, 6.10777545215245
7.0, 3.2056186456154627, 79.0, 124.40625, 7.152102175167987
8.0, 1.1842304827758663, 115.0, 75.625, 5.336106940983383
9.0, 0.8000183444571107, 72.0, 79.03125, 4.231175201931589
10.0, 2.753510985191436, 76.0, 75.53125, 1.0091762863844764
11.0, 3.0617283234741697, 85.0, 79.125, 1.3231221492340786
12.0, 5.8163831164294, 101.0, 104.53125, 11.567169447771276
13.0, 3.6026238750166764, 73.0, 284.75, 15.12544431232451
14.0, 3.8135345649597774, 103.0, 128.375, 8.230738247558763
15.0, 2.9820832045724672, 98.0, 130.875, 9.87702310456303
16.0, 0.11178648198204666, 70.0, 79.78125, 5.3227586962029845
17.0, -6.197583026517744, 49.0, 74.28125, 2.1347436570238325
18.0, 1.5029383123878777, 87.0, 80.34375, 2.2079393766177873
19.0, 2.0100073224646544, 63.0, 78.75, 1.9242004649040592
20.0, 1.9658018665418915, 88.0, 85.125, 5.897712331401434
21.0, 2.976938485052606, 80.0, 79.0, 2.199286170740646
22.0, 1.3269419687732085, 72.0, 87.09375, 0.983978792426026
23.0, 3.843023476930836, 102.0, 84.65625, 4.461174027372554
24.0, 2.847957162980449, 65.0, 88.53125, 3.075263053866631
25.0, 4.345831471322652, 89.0, 83.21875, 1.1365530929233836
26.0, 2.885089235746414, 63.0, 89.1875, 9.112134322613624
27.0, 1.207606463042472, 67.0, 144.15625, 11.071675615870566
28.0, 3.0690255380508544, 68.0, 78.3125, 3.3659329540605123
29.0, 2.3820037499319615, 86.0, 84.53125, 6.584445434127793
30.0, 1.3689244886224223, 85.0, 82.84375, 2.1168319676339857
31.0, 3.9910066090573215, 100.0, 77.9375, 1.0285211204507254
32.0, 3.1078246967011856, 110.0, 122.5625, 9.086146685758425
33.0, 1.6298367270061256, 60.0, 91.78125, 8.813314767044824
34.0, 2.896294713464573, 109.0, 77.875, 0.9652469799542467
35.0, 2.129162521727228, 70.0, 84.375, 1.0017475026226839
36.0, 3.7604645343116925, 73.0, 84.65625, 1.012968792448109
37.0, 3.7175443186256816, 75.0, 98.125, 4.3315453829229025
38.0, 3.826671707220134, 73.0, 89.03125, 6.494395071485875
39.0, -2.1027670148466915, 55.0, 88.59375, 3.706620284687592
40.0, 3.341210118207525, 97.0, 88.75, 4.604441888130125
41.0, 2.878913340307904, 115.0, 80.90625, 3.4980183462945047
42.0, 1.8354078146207211, 67.0, 90.03125, 7.069314552391021
43.0, 3.646224742046713, 109.0, 89.0625, 1.4736081411953543
44.0, 3.1421181649988714, 71.0, 92.0, 4.098683520330932
45.0, -22.788295181232613, 150.0, 86.75, 1.6757852401686681
46.0, 3.6266566627963224, 117.0, 195.375, 18.651558156773184
47.0, -0.19079943967543223, 94.0, 96.96875, 8.303627818486607
48.0, 2.7356230477528287, 103.0, 73.6875, 1.646858107119197
49.0, 2.0996188292669236, 112.0, 84.09375, 1.7996046816837483
50.0, 2.288064706504444, 103.0, 138.4375, 12.382511587918314
51.0, 2.46457217766765, 103.0, 85.90625, 3.362225799717538
52.0, 3.4143608880096483, 92.0, 85.875, 1.2846310814872586
53.0, 3.8225403559522606, 98.0, 93.28125, 4.231232308525542
54.0, 3.9486957312479136, 95.0, 94.21875, 5.336075843959476
55.0, 4.040542777606286, 151.0, 86.9375, 2.879247419650331
56.0, 3.4181472889628175, 79.0, 93.21875, 4.125963933106311
57.0, 3.4370365078454936, 100.0, 105.4375, 3.935663755497103
58.0, 4.400908917163379, 129.0, 95.1875, 4.345738068474725
59.0, 2.615147548133819, 95.0, 98.75, 4.567109053134123
60.0, 4.240736951867831, 101.0, 91.46875, 1.5166353142167759
61.0, 1.879657910015367, 59.0, 96.875, 1.5207166465011595
62.0, 3.24700278030686, 65.0, 129.40625, 4.2330596926642015
63.0, 9.670788806624518, 170.0, 206.96875, 13.24282562485869
64.0, 4.842512056897303, 108.0, 191.1875, 19.01095493071675
65.0, 3.8059241777835426, 119.0, 134.71875, 8.437008779866883
66.0, 3.9990694179339297, 104.0, 96.3125, 1.9133692092119756
67.0, 3.456782470521026, 74.0, 201.125, 11.041027029855242
68.0, 4.325139538900339, 78.0, 220.09375, 18.44289191392176
69.0, 9.89339105301234, 124.0, 94.6875, 2.474040956229458
70.0, 9.343997957855285, 98.0, 290.65625, 25.02729730332806
71.0, 15.246155252146632, 233.0, 193.75, 22.71358647681528
72.0, 6.470966735679393, 92.0, 133.65625, 3.788235691166719
73.0, 4.331960120905548, 149.0, 330.5625, 39.10239075173587
74.0, 7.452045623312591, 150.0, 136.53125, 3.8160373408204578
75.0, 15.568949513562117, 191.0, 141.71875, 3.953838263503636
76.0, 12.550899983742573, 126.0, 285.34375, 19.363078721012684
77.0, 6.2078961254037095, 286.0, 126.125, 3.5868984641751918
78.0, 13.767962926674857, 107.0, 176.5, 5.5140154026886865
79.0, 15.188675499585326, 308.0, 218.71875, 9.169485017327805
80.0, 19.29806527312601, 184.0, 364.625, 38.74579322296272
81.0, 13.407595059009717, 117.0, 214.125, 23.06126405962397
82.0, 19.317911342200194, 367.0, 185.03125, 23.778808023899018
83.0, 19.417349666646498, 222.0, 219.40625, 22.837945823442563
84.0, 12.22441104321831, 207.0, 203.5625, 11.408683323938012
85.0, 14.19303254732804, 227.0, 181.5625, 15.242867650450778
86.0, 16.208270625507552, 178.0, 172.28125, 6.490464544398573
87.0, 4.8274288377234615, 108.0, 199.15625, 10.128624498677283
88.0, 3.8087897702046094, 108.0, 145.28125, 9.19287146423883
89.0, 4.413516230802699, 110.0, 230.53125, 22.166387839845783
90.0, 12.233022187348283, 128.0, 207.25, 23.605665058370118
91.0, 10.453469639682835, 159.0, 241.59375, 15.449455979648077
92.0, 4.04901083460166, 95.0, 153.28125, 7.917369765795816
93.0, 1.5897562733443609, 98.0, 179.40625, 16.214716536261914
94.0, 3.940052773426725, 119.0, 128.03125, 11.660182077498527
95.0, 11.272634224023173, 158.0, 134.625, 10.744479703606675
96.0, 15.516286460708269, 152.0, 140.875, 6.0201035896963955
97.0, 16.48573586487662, 189.0, 135.0, 9.370767440875206
98.0, 14.522556890242319, 164.0, 145.71875, 7.0139280964535375
99.0, 5.852540439752283, 135.0, 158.625, 6.99417311756054
100.0, 10.767755686409199, 116.0, 180.8125, 5.675490830971023
101.0, 4.309463290679361, 102.0, 223.53125, 19.417745141191034
102.0, 16.84059900736193, 203.0, 151.9375, 7.42204384034488
103.0, 16.622193081304676, 163.0, 164.28125, 10.187324502401276
104.0, 16.91290385378739, 174.0, 176.9375, 10.834980017846185
105.0, 16.438992211281587, 156.0, 161.75, 11.378721968602155
106.0, 18.30811214391237, 156.0, 188.78125, 6.958077954604225
107.0, 15.314694251728973, 234.0, 162.40625, 14.622934327545376
108.0, 7.244568312718398, 134.0, 155.78125, 6.811529511409125
109.0, 8.463536691301565, 143.0, 157.34375, 10.492700895381853
110.0, 16.382277689183084, 180.0, 146.84375, 7.433089229531186
111.0, 15.93378255030689, 176.0, 167.625, 11.11154196390287
112.0, 20.94462047371318, 164.0, 155.34375, 5.980008265313902
113.0, 4.824148450540918, 96.0, 140.8125, 5.73753075567526
114.0, 16.835394580601598, 160.0, 152.59375, 5.5286623385863285
115.0, 2.7779340968845796, 143.0, 199.96875, 19.237238183045264
116.0, 13.474698039499108, 177.0, 202.59375, 18.101587275861583
117.0, 13.787100989464692, 156.0, 163.75, 9.238076031887205
118.0, -1.1110639833219669, 97.0, 158.65625, 7.570099376205017
119.0, 6.353158175727286, 108.0, 149.0, 7.378257939965031
120.0, 31.106169398854846, 274.0, 182.21875, 8.510118109197762
121.0, 19.86124868007997, 151.0, 224.15625, 21.781116696354776
122.0, -23.35455890398746, 112.0, 180.375, 11.333612208009589
123.0, 19.351083009405457, 198.0, 268.3125, 30.403496938126892
124.0, 16.5399674673605, 201.0, 222.4375, 27.232194836319458
125.0, 15.276987894550569, 141.0, 327.0625, 35.47360368611087
126.0, 21.44391282451613, 201.0, 272.9375, 32.43198032457887
127.0, 18.547911597174426, 210.0, 166.25, 7.565608456808001
128.0, 13.096277639328374, 134.0, 215.46875, 21.307291883767384
129.0, 16.205721605723557, 196.0, 163.84375, 7.166369043179936
130.0, -0.5003749094813335, 100.0, 202.5, 20.230851742124834
131.0, 13.088298744081658, 123.0, 205.3125, 20.357007567857302
132.0, 1.0894335245271947, 94.0, 132.28125, 5.109499801594647
133.0, 4.6676981427100595, 114.0, 150.375, 6.612163670416384
134.0, 16.92278892691687, 156.0, 257.53125, 26.854111969682755
135.0, 18.29350044991586, 152.0, 132.3125, 4.63055818386523
136.0, 26.305348864692373, 264.0, 155.09375, 9.949127140284329
137.0, 2.8348407326447984, 108.0, 321.09375, 35.02082141743926
138.0, 15.477771988728104, 228.0, 139.59375, 11.052692819441479
139.0, 10.314606196688963, 118.0, 155.71875, 7.147451428845274
140.0, 9.111558980948963, 131.0, 169.875, 6.736712958911691
141.0, 3.7082560132298354, 123.0, 173.375, 11.94857343140823
142.0, 5.874746756985578, 139.0, 157.625, 5.340253069088432
143.0, 9.521983191302239, 151.0, 169.34375, 11.219678744514146
144.0, 32.421428664935455, 332.0, 224.28125, 15.2061490114191
145.0, 16.88306066369878, 164.0, 196.3125, 9.880904676255387
146.0, 2.420050905553861, 102.0, 170.53125, 5.935928806498452
147.0, 8.887176969196595, 164.0, 260.59375, 30.730853821092385
148.0, 12.113034045735603, 164.0, 178.03125, 6.035608173761538
149.0, -99.10744596065507, 1600.0, 276.09375, 20.407897779339446
150.0, 25.346628367065417, 305.0, 179.5, 5.259691029826783
151.0, 21.734528799455468, 203.0, 179.9375, 5.015995326095146
152.0, 18.02477202372168, 161.0, 195.96875, 21.667023034306254
153.0, 9.881191137249392, 124.0, 239.4375, 28.123081045648142
154.0, 17.82059745729867, 167.0, 139.34375, 3.808085137513597
155.0, 5.42856603701356, 168.0, 146.71875, 4.411328381288205
156.0, 15.074233027647253, 173.0, 164.09375, 5.494111946455748
157.0, 13.133688434516818, 143.0, 160.875, 5.404716620385854
158.0, 8.716506912533639, 150.0, 134.09375, 4.4086405954553936
159.0, 7.878985039261071, 108.0, 155.0625, 4.3186011796466826
160.0, 9.079365225916817, 133.0, 203.71875, 18.735096458180656
161.0, 17.410046743361907, 166.0, 156.46875, 7.143957593941661
162.0, 28.701929122713622, 188.0, 155.59375, 6.149735226865022
163.0, 4.059826061015815, 84.0, 218.9375, 26.27286591569285
164.0, 15.318205966743012, 154.0, 167.5625, 5.865090458741994
165.0, 7.5422400584009335, 138.0, 168.34375, 8.971220769862985
166.0, 15.480695156765407, 139.0, 171.90625, 8.334586443003614
167.0, 22.27418400432604, 219.0, 230.59375, 22.165234831501053
168.0, 18.212006117792136, 181.0, 157.15625, 6.431053847352971
169.0, 14.14618012958636, 136.0, 190.875, 8.135362467408592
170.0, -108.42054546868074, 1600.0, 186.4375, 8.66784954748403
171.0, 16.75003475377744, 172.0, 190.15625, 9.219940167590108
172.0, 18.49194808023937, 203.0, 182.75, 8.447057677456495
173.0, 30.736471450144478, 375.0, 185.09375, 9.160045208265652
174.0, 15.745942437406882, 204.0, 242.625, 20.699786622822646
175.0, 10.419918450838324, 167.0, 235.03125, 17.732695253742023
176.0, 12.328390198755129, 172.0, 223.0625, 23.47754624634111
177.0, 8.681164446714543, 157.0, 241.0625, 26.359412265526082
178.0, 32.28525150284733, 238.0, 220.875, 11.057032939257649
179.0, 27.411060051661458, 249.0, 195.03125, 7.513395505683252
180.0, 16.73992091390101, 166.0, 170.5, 10.39673537501719
181.0, 34.1091740271298, 308.0, 181.03125, 9.622892364517249
182.0, 13.303993375857177, 138.0, 301.9375, 35.14729223696872
183.0, 22.820487406279426, 218.0, 233.15625, 30.013668220860264
184.0, 16.483809330688846, 187.0, 201.53125, 13.268260513090972
185.0, 20.201060849516686, 162.0, 195.71875, 11.843365626887412
186.0, 21.706677587384963, 174.0, 257.15625, 24.901159390054143
187.0, 6.03956942448672, 127.0, 268.84375, 30.56854235919322
188.0, 17.07702707179033, 179.0, 202.78125, 10.366227692259205
189.0, 27.96223671370108, 243.0, 166.4375, 6.558688969230317
190.0, 9.1366924100366, 117.0, 242.3125, 23.894861894637565
191.0, 20.481266165158676, 177.0, 221.125, 26.3502410395249
192.0, 33.52614463534959, 251.0, 193.9375, 7.563312383200282
193.0, 16.67429956608845, 209.0, 179.9375, 12.907294012811144
194.0, 11.775081924804569, 139.0, 171.53125, 11.443788206644594
195.0, 16.580878429582395, 159.0, 178.5, 8.320573402902415
196.0, 11.191157368186738, 137.0, 165.25, 7.8886118061941275
197.0, 21.62999317794281, 157.0, 175.75, 10.946985024307505
198.0, 11.903064092336306, 154.0, 175.6875, 9.908621288681925
199.0, 7.252972663564876, 138.0, 262.40625, 35.61224045199741
200.0, 13.830035634886757, 258.0, 143.15625, 6.646722523646393
201.0, 14.59025760334717, 136.0, 217.90625, 21.79291143195176
202.0, 14.050234951326098, 136.0, 164.03125, 5.350890313862607
203.0, 18.97230965036211, 195.0, 160.3125, 6.871391582704476
204.0, 8.771069777491958, 124.0, 189.15625, 10.15299417581598
205.0, 9.6863894796804, 119.0, 178.9375, 10.836857683797462
206.0, 1.6093309598418597, 243.0, 217.34375, 25.860505011626614
207.0, 19.36170051389523, 162.0, 171.65625, 9.378998175918838
208.0, 15.232727536267252, 176.0, 165.03125, 10.426044688774098
209.0, 9.138634490137344, 150.0, 206.5625, 22.108222268723125
210.0, 8.530435692860648, 121.0, 143.875, 6.511646363749411
211.0, 2.00810581448195, 180.0, 150.75, 4.367938172648709
212.0, 9.99910062644312, 197.0, 201.15625, 11.326800324795183
213.0, 14.636967017443705, 130.0, 221.46875, 24.560149118181577
214.0, 8.929739313340324, 115.0, 215.59375, 28.290658139961288
215.0, 10.23049673272464, 146.0, 184.3125, 10.279348428831755
216.0, 9.137569727933094, 118.0, 207.71875, 24.4377287890484
217.0, 17.469841482059806, 152.0, 211.8125, 24.805416946041905
218.0, 14.64652060124452, 224.0, 164.9375, 9.696861248536933
219.0, 15.425823308669024, 280.0, 198.9375, 16.003133489689642
220.0, -32.16438259562517, 245.0, 229.84375, 16.59886586714219
221.0, 9.964147177576109, 106.0, 192.15625, 11.761001163919214
222.0, 1.2019645426618029, 92.0, 208.15625, 15.71610157328282
223.0, -72.00029320477094, 1600.0, 140.75, 6.79085894981361
224.0, 13.336917337131029, 215.0, 202.71875, 29.10812842085624
225.0, 17.45904924254306, 141.0, 140.78125, 5.850818274414371
226.0, -8.942063827918794, 203.0, 171.90625, 7.749088748934114
227.0, 20.723891495361997, 161.0, 197.5, 24.587356329994904
228.0, 16.262236449836802, 161.0, 162.875, 7.369944399320441
229.0, -3.592106855530585, 261.0, 228.90625, 28.86658213666079
230.0, 21.58865115351972, 176.0, 228.65625, 17.636768057112054
231.0, 8.22121703149895, 234.0, 235.46875, 24.045037157857994
232.0, 0.5583392852917957, 87.0, 222.34375, 26.42301100709754
233.0, 21.038153140072477, 228.0, 199.5, 24.760415096144744
234.0, 1.553238699675589, 89.0, 166.46875, 9.565256961580737
235.0, 9.170541190158279, 138.0, 176.71875, 9.306969233113065
236.0, 27.205419666094954, 227.0, 214.46875, 27.707456450717885
237.0, 16.647534980494676, 210.0, 170.46875, 13.91796879438887
238.0, 13.282460836964905, 234.0, 228.125, 28.75894136198638
239.0, 29.161539737560563, 312.0, 181.75, 10.782479807361137
240.0, 9.503692521015576, 151.0, 197.5, 11.871405549829309
241.0, 9.957330936861005, 202.0, 219.71875, 28.4373003964427
242.0, 14.225142314918086, 145.0, 161.625, 17.90914817378708
243.0, 6.648694729497572, 131.0, 161.1875, 5.518027849275491
244.0, 8.297060257355337, 157.0, 157.375, 6.8753628958067114
245.0, 11.26321483948498, 123.0, 206.0, 24.041774487425894
246.0, 13.689976273115613, 120.0, 155.46875, 7.437215257280975
247.0, 14.809720945164536, 155.0, 160.3125, 6.787956179249756
248.0, 0.9813953888931877, 114.0, 159.0625, 5.423859912999689
249.0, 9.407254301969937, 134.0, 144.0625, 4.333657899605858
250.0, 8.9271217961508, 135.0, 152.28125, 5.6924622605706166
251.0, 15.857694959534214, 147.0, 153.59375, 5.9093036529218494
252.0, 5.451805635231462, 184.0, 197.28125, 27.237361626171165
253.0, 14.679619642462331, 196.0, 199.15625, 20.203596528341453
254.0, 13.461377084959059, 116.0, 164.75, 8.716074097983006
255.0, 8.584571071078484, 100.0, 194.84375, 26.041806833556972
256.0, 5.650631969913094, 137.0, 138.59375, 4.140091550476676
257.0, 13.932373042254017, 131.0, 148.4375, 4.234099000124682
258.0, 11.493578832770202, 133.0, 135.0625, 5.886085610096456
259.0, 0.33698381960116364, 228.0, 145.375, 4.594212146056931
260.0, 9.863086005087512, 124.0, 152.21875, 7.094397557573381
261.0, 13.086607603421122, 149.0, 131.34375, 3.5023568472230555
262.0, 16.23697063330796, 163.0, 145.09375, 5.396912137268587
263.0, 8.54566074708322, 205.0, 155.78125, 5.676175007496952
264.0, 2.219082916554969, 188.0, 138.34375, 4.750526714532273
265.0, 9.050839424588647, 145.0, 147.96875, 9.767600446474448
266.0, -4.424109224681846, 154.0, 156.28125, 10.500539219197389
267.0, 9.147370547844147, 124.0, 207.3125, 10.557554105052057
268.0, 14.271037833646405, 146.0, 155.125, 4.065370315073236
269.0, 8.205151685660375, 109.0, 135.90625, 6.5531117603072415
270.0, 20.90271703255171, 204.0, 147.25, 5.0073206017137775
271.0, 7.393942424830827, 113.0, 140.75, 6.050699239366382
272.0, 12.45074213429132, 136.0, 132.8125, 5.162394683361888
273.0, 1.7775302863697773, 120.0, 189.0625, 27.708083381961284
274.0, 14.00412971740473, 183.0, 151.1875, 4.661898649856269
275.0, 13.459649355707771, 160.0, 212.9375, 11.320038414214874
276.0, 9.121286740541926, 114.0, 168.46875, 7.9458747807742025
277.0, 15.48876944401739, 178.0, 167.5, 6.406011076030206
278.0, 24.385592486826706, 213.0, 199.5625, 9.122178806695333
279.0, 3.6957498856726394, 200.0, 228.40625, 13.639636254824534
280.0, 7.664249600639662, 151.0, 279.71875, 26.001268383236088
281.0, 19.369499822453033, 181.0, 188.1875, 13.49479388147552
282.0, 13.78013905548406, 163.0, 161.6875, 6.225036219951524
283.0, 9.210381834152228, 136.0, 204.5, 20.29808187637101
284.0, 19.50656733940824, 188.0, 174.71875, 6.142699406170014
285.0, -118.47669632646488, 1600.0, 209.375, 22.825601775911196
286.0, 9.333762987319668, 141.0, 170.71875, 10.40399486498691
287.0, 8.957141846429076, 152.0, 155.625, 6.621209168028702
288.0, 10.200325340870595, 136.0, 155.34375, 8.6298697168194
289.0, 17.099579247258372, 162.0, 201.625, 16.08500462920435
290.0, 12.239508675114845, 141.0, 161.5625, 3.9650735855339474
291.0, 17.051615018226066, 194.0, 232.4375, 20.427416987573054
292.0, 9.64983458597531, 123.0, 146.40625, 8.520426997644705
293.0, 9.329169419586252, 134.0, 138.71875, 5.640362805621089
294.0, 13.923293020107236, 139.0, 149.0625, 3.9047367404838833
295.0, 16.68957216062757, 179.0, 147.0625, 4.905995035749886
296.0, 6.174041035105535, 90.0, 175.40625, 5.5716838093461964
297.0, 13.438794948887113, 146.0, 173.90625, 5.153777829376733
298.0, 9.262753497093323, 145.0, 157.84375, 6.833812414208792
299.0, 17.62752313298136, 239.0, 226.03125, 15.325677484644151
300.0, 13.415164770642887, 159.0, 185.15625, 6.710182484662943
301.0, 9.884670001613665, 149.0, 227.8125, 20.354873352561064
302.0, 3.7725619024413612, 86.0, 213.25, 26.739360913604973
303.0, 13.640631906563849, 161.0, 150.75, 5.6547029823137285
304.0, 9.549035266854492, 141.0, 174.1875, 6.081104056412325
305.0, 16.605019605930973, 161.0, 175.78125, 6.676917976536688
306.0, 12.09306505039063, 150.0, 183.3125, 9.592176079912038
307.0, 23.979067026565705, 254.0, 179.125, 13.295287657848105
308.0, -112.65256735540385, 1600.0, 175.1875, 10.13285376811823
309.0, 8.244643350848527, 145.0, 163.25, 9.824071390498135
310.0, 17.679220821543478, 148.0, 162.59375, 5.03423400033902
311.0, 7.210320824574632, 103.0, 188.6875, 10.91713751551237
312.0, 8.571202860198008, 134.0, 192.625, 20.678775528043126
313.0, 12.493203021124641, 137.0, 197.84375, 16.380618310394908
314.0, 16.86031322134037, 193.0, 152.53125, 5.742759197728883
315.0, 13.473050531875044, 143.0, 146.21875, 6.737789788104721
316.0, 14.462549440771916, 185.0, 200.71875, 22.996097773007786
317.0, 18.02785296544246, 191.0, 137.125, 5.8181878475085975
318.0, -16.715004294869907, 225.0, 141.40625, 7.347111457384071
319.0, -2.033581659590184, 414.0, 244.9375, 30.030633611303166
320.0, 10.985334506277084, 135.0, 139.5625, 8.3771115860151
321.0, 6.45405315559167, 124.0, 141.6875, 7.129349124081994
322.0, 4.355248458161483, 181.0, 139.875, 6.026223868284812
323.0, -79.31425013976389, 1600.0, 144.8125, 8.681852329228883
324.0, 11.543130957542596, 99.0, 157.0, 8.95368793402982
325.0, 7.918888987923092, 104.0, 161.34375, 5.706733913606697
326.0, 8.385047432784184, 144.0, 147.875, 7.472971963748298
327.0, 9.152739464458053, 90.0, 159.25, 8.818340741776295
328.0, 10.149555868098997, 104.0, 200.125, 16.50596532708214
329.0, 27.160447713169084, 229.0, 134.65625, 10.265190925010293
330.0, -0.6538507995148964, 84.0, 172.0, 7.924898161459276
331.0, -15.769663850385811, 135.0, 178.8125, 9.676642118629058
332.0, 2.8080649509234723, 174.0, 187.28125, 11.815432597408552
333.0, -1.4626037107506837, 90.0, 182.53125, 10.129064308013087
334.0, 21.533894877399273, 272.0, 177.5, 9.390602346782197
335.0, 23.829588772879383, 279.0, 229.25, 25.20108489821971
336.0, 10.096382307286357, 145.0, 202.5625, 8.127799945532686
337.0, 2.5734483466094202, 138.0, 199.625, 10.603886815685579
338.0, 12.371705512801535, 186.0, 252.0, 23.745362983294044
339.0, -129.1347471214195, 1600.0, 208.78125, 10.858803194194474
340.0, 26.78140114163642, 266.0, 244.15625, 19.14767640511274
341.0, 12.119411604271374, 221.0, 283.1875, 33.14711540557624
342.0, 13.267522464328835, 142.0, 240.09375, 26.72365381213255
343.0, 22.996530956502227, 255.0, 184.21875, 8.046605142402138
344.0, 12.74920774978962, 134.0, 222.3125, 21.784715905733204
345.0, 8.394775352903563, 119.0, 139.09375, 8.219814647294994
346.0, 6.181772952067982, 132.0, 160.84375, 6.243247643547426
347.0, 10.082789399449474, 105.0, 151.125, 6.568389106402657
348.0, 5.282639593827674, 133.0, 136.6875, 6.223326155997262
349.0, 8.774860690544498, 90.0, 175.78125, 20.551290994091094
350.0, 5.195724301313783, 149.0, 132.25, 6.338575733602405
351.0, 12.53677146558581, 186.0, 153.28125, 7.969636447164132
352.0, 7.592911110580372, 108.0, 167.03125, 8.262723069315939
353.0, 6.319511165847185, 109.0, 191.1875, 16.182255225990627
354.0, 6.733537009075392, 129.0, 124.9375, 5.60596832179092
355.0, 15.792772117892422, 203.0, 147.71875, 5.005703878733904
356.0, 6.6469317726352495, 146.0, 168.03125, 10.194860160457756
357.0, 12.22416130652909, 148.0, 170.9375, 8.002821028259437
358.0, 3.4555747633660303, 163.0, 159.1875, 5.784259594500457
359.0, 11.096567794525155, 195.0, 197.0625, 11.204528553881863
360.0, 11.751488834697176, 213.0, 194.59375, 8.797758977940962
361.0, 11.871366052164483, 163.0, 196.0, 9.071376676823027
362.0, 7.585809941873897, 154.0, 191.59375, 10.7211450539564
363.0, 24.05308632577629, 223.0, 195.28125, 9.97617431191047
364.0, 12.282342645497438, 176.0, 163.46875, 9.747534729476657
365.0, 12.060787725015171, 160.0, 148.84375, 9.521240505831985
366.0, 6.240123045122351, 122.0, 163.5, 8.813331037389615
367.0, 15.567008515429034, 154.0, 154.0, 8.480412825488923
368.0, 10.01288073281223, 213.0, 162.9375, 10.554299678140065
369.0, 4.912679258357032, 125.0, 164.0, 9.217104243813338
370.0, 6.645642485378833, 87.0, 152.15625, 6.111715220037457
371.0, 11.981968303148408, 110.0, 146.84375, 9.119644165697595
372.0, 9.357154752079623, 136.0, 201.59375, 28.072148854493555
373.0, 13.293780547460624, 176.0, 143.5625, 8.803489830903597
374.0, 12.97012110414884, 203.0, 162.75, 9.69453385479809
375.0, 17.236604099925817, 150.0, 182.59375, 10.377088728511362
376.0, 0.33830396171894206, 185.0, 162.59375, 6.106194063814316
377.0, 16.300028962593373, 157.0, 171.125, 10.402559040252582
378.0, 14.809639461702607, 134.0, 166.46875, 10.020895448463614
379.0, 13.887718415954675, 120.0, 211.4375, 28.39397649264483
380.0, 20.449840898893083, 227.0, 158.8125, 10.324289899770717
381.0, 8.525720823093545, 134.0, 124.09375, 8.28752649463067
382.0, 4.91572221861198, 106.0, 144.5625, 6.7205096148458265
383.0, 29.709306929313463, 233.0, 145.1875, 6.633843194949743
384.0, 36.6484566618224, 287.0, 176.875, 8.679626009513983
385.0, 11.124178574815739, 115.0, 165.5625, 9.296344767384088
386.0, 11.283042969390154, 128.0, 177.5625, 7.604415550239599
387.0, 15.496047611085807, 150.0, 176.375, 12.845930211706602
388.0, 10.82102441585461, 219.0, 141.1875, 4.882551188861962
389.0, 26.784624830044823, 256.0, 167.0625, 9.054076072149176
390.0, 21.746477855860647, 208.0, 231.1875, 24.854407828820865
391.0, 9.731362413432484, 211.0, 193.9375, 10.048239754103168
392.0, 24.49376726149101, 221.0, 204.40625, 13.194650701733313
393.0, 12.281539911743776, 185.0, 170.9375, 9.399769235427113
394.0, 8.330095009006836, 184.0, 176.84375, 10.789911993682106
395.0, 2.7185463679985014, 106.0, 157.6875, 8.555333059017851
396.0, 6.337250424913385, 121.0, 178.53125, 11.135968756474181
397.0, 9.00743821230743, 197.0, 212.8125, 29.221436853984667
398.0, 15.447372977303406, 147.0, 161.9375, 9.152549820940232
399.0, 10.354131623982262, 179.0, 178.375, 9.09457694669881
400.0, 13.32474861416706, 129.0, 175.28125, 7.5614901921090345
401.0, 12.950433207475307, 148.0, 170.78125, 7.6790345886252025
402.0, 6.389356230495286, 195.0, 159.9375, 7.0112902419537795
403.0, 16.354530548745377, 181.0, 174.875, 10.283759330511105
404.0, 15.34646721238692, 147.0, 268.1875, 35.57360032462487
405.0, 23.942284511023143, 214.0, 167.875, 6.7439556365552855
406.0, 12.522718437663977, 128.0, 164.8125, 9.184680616722668
407.0, 26.145983560106355, 196.0, 164.0625, 9.702388768360903
408.0, 16.930036784848664, 144.0, 161.75, 8.227995477265965
409.0, 4.08228518164061, 221.0, 171.15625, 12.674099625648374
410.0, 12.072273720714769, 130.0, 168.96875, 11.671718862631366
411.0, 5.722637868887719, 128.0, 177.5625, 10.826507875943209
412.0, 9.205493904274967, 127.0, 174.96875, 10.152226320717675
413.0, 11.028704559368588, 130.0, 175.28125, 10.77309161612605
414.0, 22.586604902185094, 174.0, 185.09375, 8.518716434004936
415.0, 16.596662262120322, 203.0, 168.25, 11.77417102484107
416.0, 9.262317405380777, 130.0, 182.375, 9.535871486641765
417.0, 20.084911340238456, 171.0, 169.90625, 9.130024542814358
418.0, 29.13804985186687, 245.0, 195.0625, 9.588878010962613
419.0, 25.155754258687878, 223.0, 176.9375, 8.566986168287999
420.0, 6.201012522457387, 154.0, 199.0625, 9.818374728129964
421.0, -2.351315242654997, 98.0, 185.28125, 8.799322841778798
422.0, 4.863673953309496, 172.0, 193.625, 10.780040133060377
423.0, 12.789234110809955, 212.0, 183.15625, 6.866714039832392
424.0, 14.846704130499122, 180.0, 187.1875, 9.786366098210314
425.0, 21.01816819684684, 256.0, 183.71875, 13.029549425684715
426.0, 15.937942266104898, 158.0, 227.25, 26.21235762418514
427.0, 35.24663754319141, 266.0, 204.125, 10.233952585441203
428.0, 14.292910238919369, 200.0, 182.6875, 10.834358915286796
429.0, -15.847876044740621, 204.0, 191.4375, 9.369511742416156
430.0, 22.491698607764626, 249.0, 195.0625, 11.789931333412301
431.0, 8.122812083274171, 134.0, 172.40625, 6.011694255236857
432.0, 16.225540016196376, 187.0, 213.25, 26.371868726679665
433.0, 9.79045195974891, 225.0, 186.15625, 12.507804136514395
434.0, 8.508675630117496, 132.0, 182.71875, 10.241210132357297
435.0, 36.74563365245751, 293.0, 178.84375, 8.763951872932846
436.0, 13.106799587990134, 188.0, 184.5625, 8.869505164531594
437.0, 28.85567614847812, 254.0, 168.125, 7.557468859490662
438.0, 10.579955286364747, 217.0, 224.3125, 26.310604695805775
439.0, 4.394891401740032, 100.0, 178.59375, 7.456454879536526
440.0, 8.792814137937796, 118.0, 161.5, 6.017068761978722
441.0, 19.33624072724305, 231.0, 164.9375, 8.655511253329625
442.0, 18.663960415075007, 216.0, 152.59375, 7.269174380819289
443.0, 20.734014265149604, 223.0, 158.6875, 9.077782435391505
444.0, 14.67176637140593, 172.0, 160.875, 4.763161781732891
445.0, 13.05134237690879, 161.0, 164.53125, 9.243745431670604
446.0, 8.168906208226913, 129.0, 161.5, 5.789009383784042
447.0, 9.28711886016433, 214.0, 168.96875, 7.989441344414142
448.0, 17.568824773835477, 172.0, 165.25, 6.668414599160412
449.0, 6.795213010628262, 196.0, 180.1875, 6.395760545669613
450.0, 17.20329910992913, 167.0, 157.15625, 7.532923616157795
451.0, -3.921243304682161, 282.0, 176.40625, 6.172135108572647
452.0, 16.95406059574819, 230.0, 178.125, 7.3016141533400845
453.0, 7.532002960976806, 220.0, 170.90625, 8.842141656740337
454.0, 18.167803281172116, 137.0, 161.53125, 6.069249145579063
455.0, 12.221424143733923, 122.0, 145.46875, 6.348704181308057
456.0, 10.504340411159486, 89.0, 211.3125, 23.170067996996934
457.0, -0.17500551700039546, 108.0, 134.03125, 9.600567036881701
458.0, 8.90707909273338, 131.0, 136.875, 6.67492807439552
459.0, 18.844089806371915, 223.0, 147.34375, 5.503933982847883
460.0, 9.814124240684176, 110.0, 149.25, 7.810295882982567
461.0, -0.8937104864476839, 187.0, 242.3125, 34.894416850310826
462.0, 15.825584783896176, 160.0, 167.71875, 9.057179928579405
463.0, 8.401851508411832, 126.0, 151.375, 8.95505055237758
464.0, 18.93678114921862, 217.0, 172.40625, 9.895195849757867
465.0, 7.976170475605791, 122.0, 151.0, 5.839935947643043
466.0, 2.839950078170282, 93.0, 161.96875, 7.175049091284967
467.0, 10.57510624383373, 159.0, 223.53125, 28.48287032714605
468.0, 4.9226939224330915, 133.0, 165.3125, 5.837550921878835
469.0, 14.166813914338642, 173.0, 164.21875, 8.58997999722214
470.0, 7.286957140002388, 144.0, 157.4375, 6.070938754942208
471.0, 11.910047324621983, 147.0, 168.5625, 5.66050062296549
472.0, 10.705566371664585, 147.0, 154.25, 8.858480236863537
473.0, 19.958208787096442, 154.0, 194.9375, 27.843568880734235
474.0, 14.413349830832571, 160.0, 143.03125, 5.448180364889096
475.0, 5.641846297133883, 104.0, 157.40625, 4.944344096150675
476.0, 6.160026938016395, 142.0, 150.0625, 6.665491431014685
477.0, 9.948158517041765, 108.0, 160.96875, 10.049498422743232
478.0, 9.816219084872461, 179.0, 143.53125, 5.987666875102045
479.0, 12.815018113939676, 212.0, 147.09375, 8.87344066455041
480.0, 14.185554910562217, 230.0, 158.0, 6.967214750699697
481.0, 12.239373888643527, 110.0, 161.4375, 4.908430040598178
482.0, 7.82834802002267, 131.0, 148.03125, 6.750632834027504
483.0, 13.105942529314897, 229.0, 150.6875, 8.997627616336453
484.0, 20.90885933163606, 198.0, 174.8125, 7.672644201974737
485.0, 6.365354371381093, 101.0, 170.25, 7.139685115135816
486.0, 11.798980047095204, 229.0, 144.59375, 7.593046465842574
487.0, 1.7012042579296827, 100.0, 141.84375, 5.278448140595101
488.0, 8.274995202486155, 121.0, 150.15625, 5.836437740374809
489.0, 31.998703732307284, 242.0, 144.96875, 5.163502678236336
490.0, 9.28577301102869, 139.0, 149.5, 5.397661788095365
491.0, 6.7752114898654066, 138.0, 154.84375, 6.537016716689075
492.0, 7.915695642721728, 132.0, 153.125, 7.320869042317655
493.0, 14.888110915264754, 160.0, 153.75, 7.366623125953623
494.0, -3.34554662329862, 86.0, 147.78125, 6.964087477031644
495.0, 28.26611347299705, 249.0, 159.21875, 7.375309575300564
496.0, 7.097644711471098, 130.0, 162.0, 9.68348226811434
497.0, 15.370917079273642, 219.0, 155.53125, 5.124415615374322
498.0, 26.709451950112854, 219.0, 164.9375, 7.17451793102708
499.0, 10.673296860438196, 146.0, 167.8125, 12.701926161177472
500.0, 6.832541736830731, 257.0, 149.0, 4.83391709526487
501.0, 10.681580952147728, 144.0, 162.90625, 6.248162156469625
502.0, 6.409750931953196, 132.0, 159.375, 6.947278114657109
503.0, 6.663764678126839, 93.0, 148.53125, 6.326920828196276
504.0, 6.069477857612881, 136.0, 160.59375, 7.007232527622394
505.0, 19.745307193275682, 201.0, 155.46875, 6.2242499930086135
506.0, 5.761125698776397, 136.0, 153.1875, 7.582399137790899
507.0, 14.262476679674961, 171.0, 153.75, 6.012380477805179
508.0, 4.373745425674123, 153.0, 140.90625, 7.386188807989064
509.0, 11.72737813226796, 190.0, 175.46875, 5.132054367911974
510.0, 31.18300607750298, 331.0, 200.03125, 22.60789034495061
511.0, 30.66795206371265, 278.0, 143.1875, 4.933244867445667
512.0, 3.570399717282301, 110.0, 153.46875, 6.376797329274966
513.0, 13.406940508648615, 162.0, 138.46875, 5.444873309663744
514.0, 2.6457718095639904, 77.0, 200.78125, 24.009317881496603
515.0, 11.73752623130749, 235.0, 156.03125, 8.222042009192233
516.0, 15.479735245391446, 127.0, 156.21875, 6.216975645863807
517.0, 3.87438419583033, 83.0, 144.15625, 5.379064084930217
518.0, 14.959072743639089, 144.0, 159.0, 4.171482813949689
519.0, 12.004128439942416, 164.0, 180.3125, 7.106033108137375
520.0, 0.2492848183459344, 133.0, 164.125, 8.323066411290116
521.0, -4.620414685377, 86.0, 167.875, 7.523993018647326
522.0, 10.010020797223275, 103.0, 163.375, 8.711239849987207
523.0, 16.86476863654039, 155.0, 174.84375, 9.818916350304939
524.0, -1.4740036541541177, 113.0, 176.4375, 7.638930689516155
525.0, 7.1621979388180375, 127.0, 174.09375, 8.49888104293562
526.0, 10.510944572835331, 206.0, 170.28125, 10.838239911184328
527.0, -0.12642841585914655, 150.0, 199.90625, 9.724870956277567
528.0, -1.3218737912545464, 103.0, 170.375, 6.416970452131505
529.0, 11.271703235280798, 197.0, 218.84375, 26.263582030140217
530.0, 11.109127307747707, 170.0, 156.9375, 7.164584684532792
531.0, 9.731452467777702, 169.0, 167.09375, 10.294917963024563
532.0, 2.958825297845759, 156.0, 177.59375, 9.953649324564577
533.0, 15.140959914156465, 149.0, 170.3125, 6.645326385438891
534.0, 2.6048418729200584, 184.0, 158.40625, 5.797725261919261
535.0, 2.4514300796670128, 175.0, 182.21875, 10.517825216763965
536.0, 5.446218756834433, 93.0, 186.09375, 8.409606593843018
537.0, 8.40469612467436, 169.0, 174.53125, 9.634010706439136
538.0, 10.185945540436165, 199.0, 163.46875, 7.553993359425734
539.0, 30.777453061599598, 225.0, 164.3125, 7.113473751491113
540.0, 6.940425381276198, 120.0, 176.03125, 7.226943305440279
541.0, 7.100976823989852, 122.0, 168.65625, 6.789644646657127
542.0, 4.897141286626462, 194.0, 177.875, 8.502967563502864
543.0, 15.726131929612418, 193.0, 172.40625, 5.757216590668844
544.0, 25.934034873435863, 230.0, 205.375, 23.922722177328087
545.0, -3.1479148074444856, 75.0, 162.0, 5.503308186742245
546.0, 12.02014631273221, 131.0, 158.84375, 5.661695579800803
547.0, 12.115795517630799, 166.0, 167.875, 7.788935727056841
548.0, 9.154307215431796, 107.0, 172.375, 8.642033658414716
549.0, 1.8718393984373876, 108.0, 223.96875, 29.348359512516677
550.0, 25.22798958330655, 231.0, 233.28125, 29.06961410364917
551.0, 5.6668237700975785, 104.0, 161.03125, 5.459124296810473
552.0, 13.062459170095059, 155.0, 187.5, 9.187285188142237
553.0, 22.89298192069364, 266.0, 172.5625, 7.506821026886842
554.0, 14.658737747752603, 158.0, 191.0625, 7.920149669646985
555.0, 9.754300692477228, 120.0, 176.0625, 6.2171803134979475
556.0, 11.90374150730327, 217.0, 175.5, 6.047464012830376
557.0, 7.711226311928048, 120.0, 179.46875, 4.918150203172067
558.0, 6.057683619471414, 200.0, 165.65625, 5.226087913878473
559.0, 3.7443670212828097, 209.0, 161.9375, 7.073267844162566
560.0, 18.92336965572774, 256.0, 228.59375, 25.018778535432414
561.0, 14.28347636408945, 160.0, 168.0625, 7.544204649877355
562.0, 6.26606108533806, 116.0, 158.96875, 7.4555928052684415
563.0, 5.288636728694959, 109.0, 161.53125, 7.510200569003808
564.0, 7.695608074527463, 168.0, 166.625, 5.972887879298975
565.0, 15.817396227912763, 186.0, 170.09375, 7.08395352499207
566.0, 17.801083246849537, 181.0, 178.34375, 9.407695121974095
567.0, 11.04338877666042, 130.0, 151.28125, 5.453727993200147
568.0, 13.944329566490845, 174.0, 138.9375, 5.242948334142621
569.0, 16.402336776665713, 189.0, 176.5, 7.705678349225536
570.0, 22.68747839175737, 237.0, 144.5625, 6.005888225308547
571.0, 7.272190693929931, 138.0, 150.9375, 8.700793237732109
572.0, 21.802805901911167, 207.0, 156.4375, 5.6355456437941776
573.0, 4.1359038876565375, 193.0, 152.1875, 6.22667283327389
574.0, 22.684722620100377, 265.0, 163.0, 6.1425057244030405
575.0, 14.418568989608149, 167.0, 182.25, 11.030405952697787
576.0, 19.833551757957576, 204.0, 205.8125, 28.509573569776993
577.0, 13.297959167778437, 211.0, 159.59375, 5.352944524103364
578.0, -0.7478297021810695, 79.0, 160.0625, 6.99499482364532
579.0, 15.40658745024874, 216.0, 160.3125, 6.138861615371116
580.0, 6.24571129914712, 129.0, 153.375, 7.60911563803737
581.0, 22.617975479459613, 202.0, 161.625, 7.972596169253089
582.0, 6.21065058364515, 144.0, 155.65625, 5.917913148424097
583.0, 14.880295805630904, 228.0, 153.78125, 6.761239069329161
584.0, 10.82615303947263, 133.0, 161.53125, 9.37409430080197
585.0, 8.43297913484543, 128.0, 151.40625, 4.968282291143603
586.0, 6.441177094614189, 123.0, 161.03125, 10.344588530729968
587.0, -14.922967620106018, 133.0, 157.6875, 6.256997351092289
588.0, 19.21399056343196, 171.0, 161.3125, 6.604455646500515
589.0, 14.675643690067488, 171.0, 159.96875, 6.604407475520302
590.0, 8.905940765316757, 180.0, 160.09375, 11.454553457652374
591.0, 18.681389226626525, 166.0, 158.90625, 5.219992293328436
592.0, 11.013495945994814, 168.0, 152.625, 6.962368711108233
593.0, 3.410149097990203, 81.0, 151.78125, 6.922685232053826
594.0, 11.495036808560032, 201.0, 156.6875, 5.813969899225146
595.0, 23.16369986439749, 207.0, 152.90625, 7.367261258632857
596.0, 16.810249216483225, 191.0, 144.78125, 8.105714052443359
597.0, 6.897211876120104, 110.0, 145.3125, 8.159166868286718
598.0, 17.117598992835028, 183.0, 150.0625, 8.833061477624296
599.0, 11.397777042822124, 191.0, 157.3125, 4.347581501967761
600.0, 3.767511403775824, 171.0, 144.40625, 3.973385556884171
601.0, 14.970143498444108, 240.0, 167.71875, 8.578347593666875
602.0, 1.4184495283542047, 169.0, 161.5625, 4.993473255361026
603.0, 12.998974771904773, 232.0, 153.875, 5.807254483786097
604.0, 7.970852793171961, 119.0, 164.46875, 6.208225902609703
605.0, 12.443387377934167, 187.0, 152.125, 5.94338883002442
606.0, 4.157208785136685, 110.0, 161.40625, 7.743428155751605
607.0, 12.712244011922728, 146.0, 154.9375, 4.50890169638227
608.0, 15.651777870784414, 173.0, 150.5625, 3.348206889593779
609.0, 12.929185757742781, 166.0, 153.03125, 4.542208958083671
610.0, 10.220422871994996, 112.0, 151.53125, 5.822846331729082
611.0, 16.502507119052485, 214.0, 142.28125, 5.094560521602651
612.0, 12.903256522729409, 121.0, 151.96875, 5.123936356625985
613.0, 6.70854495303905, 108.0, 153.71875, 4.911737657182372
614.0, 16.523871347391374, 157.0, 160.1875, 4.453517747980309
615.0, 7.897288407232834, 136.0, 153.6875, 7.584837512584274
616.0, 14.662188533989077, 149.0, 150.03125, 4.517713801196431
617.0, 15.520181515972077, 235.0, 161.09375, 6.111696691640329
618.0, 14.406357270500429, 235.0, 165.0625, 5.389240014857886
619.0, 9.229135573912119, 236.0, 209.53125, 27.573699329564246
620.0, 7.422722990511378, 173.0, 171.96875, 6.181215685541452
621.0, 12.631177305300161, 212.0, 178.03125, 5.894269544679994
622.0, 8.032732659157121, 129.0, 171.375, 8.013278432975904
623.0, 12.964475023585896, 107.0, 173.25, 5.961374956540875
624.0, 9.705930233314207, 183.0, 161.625, 5.932735653329097
625.0, 17.35714246581092, 173.0, 143.75, 5.041290205901214
626.0, 10.319642720013173, 132.0, 210.03125, 27.330054556922256
627.0, 25.338158559296904, 284.0, 159.59375, 6.879268873945003
628.0, 16.208246248023535, 172.0, 157.03125, 5.273272486348289
629.0, 15.191169185171113, 194.0, 157.59375, 6.176191007281768
630.0, 12.38624684389831, 177.0, 169.9375, 5.681082750545153
631.0, 15.981515748606657, 155.0, 184.875, 6.253523244748893
632.0, 15.302442285927423, 184.0, 163.03125, 6.14263146836951
633.0, 20.002576376864766, 159.0, 166.75, 6.150464463928696
634.0, 8.538696881088, 196.0, 167.09375, 5.518784411125107
635.0, 8.69035424829551, 101.0, 157.84375, 5.091122874797357
636.0, 16.461266008980434, 190.0, 204.875, 17.96279211740262
637.0, 11.711720680748694, 138.0, 157.03125, 6.591819051248015
638.0, 23.79392773864264, 230.0, 155.09375, 5.354157620811394
639.0, 10.693444794270578, 123.0, 152.875, 4.287458688246801
640.0, 16.4330881266152, 188.0, 153.53125, 4.623327953782203
641.0, 20.867418161643094, 204.0, 148.5, 6.031267855558632
642.0, 3.452122436691802, 173.0, 154.78125, 5.67135195439383
643.0, 10.756048081388744, 123.0, 149.15625, 5.057030412514307
644.0, 10.390136678201516, 185.0, 174.03125, 10.02906300240158
645.0, 8.346777832752515, 109.0, 170.84375, 6.683988532513929
646.0, -1.6345247888847947, 82.0, 160.21875, 6.678876317759097
647.0, 8.371642885355188, 132.0, 166.46875, 6.852788764813631
648.0, 8.976953608929206, 132.0, 170.3125, 6.980958849420509
649.0, 7.6225759593616935, 125.0, 170.75, 6.135902137711713
650.0, 8.302131506708603, 131.0, 173.9375, 10.772399118965007
651.0, 1.9320271188593106, 111.0, 210.6875, 22.08693685005791
652.0, 0.16952117407311929, 264.0, 180.59375, 9.828786790872279
653.0, 15.915480435457766, 164.0, 207.40625, 27.025995520139443
654.0, 25.12247904460925, 243.0, 240.90625, 27.82519397695356
655.0, 13.120687966161011, 160.0, 195.4375, 11.949980952784847
656.0, 0.8524503096787255, 140.0, 176.65625, 16.721839909831406
657.0, 13.429932166970616, 185.0, 163.53125, 8.077705681775566
658.0, -1.453752635531104, 214.0, 149.90625, 7.228966318651611
659.0, 16.614192339024324, 192.0, 161.21875, 7.828016903208856
660.0, 8.729541666835242, 129.0, 143.40625, 7.881065330767089
661.0, 6.62854879423372, 136.0, 155.0625, 8.017766785643957
662.0, 13.097455972691893, 203.0, 141.71875, 3.8122784362026287
663.0, 18.82060919340097, 178.0, 152.25, 7.74104875897945
664.0, -31.52915337483901, 507.0, 159.40625, 6.214306090240569
665.0, 9.552572049022967, 150.0, 163.0625, 4.740940366518129
666.0, 7.415835549972867, 116.0, 155.375, 6.263784343870554
667.0, 1.81429069033266, 155.0, 137.4375, 5.831345975320695
668.0, 2.729758319191125, 93.0, 153.8125, 4.25533230670859
669.0, 8.79724269244104, 134.0, 152.3125, 9.321097628045019
670.0, 9.041447542504283, 149.0, 175.90625, 6.3096321178228845
671.0, -6.663672643075061, 91.0, 180.34375, 7.02652697198006
672.0, 7.033974543026865, 103.0, 177.0625, 9.367728147879644
673.0, 35.38274440621361, 301.0, 174.71875, 5.5136604399030515
674.0, 17.90306956232749, 211.0, 173.125, 6.734110538452524
675.0, 11.193406144673274, 143.0, 170.0625, 7.2273390571272245
676.0, 20.08544087319701, 189.0, 176.09375, 11.03893480598076
677.0, 16.89996154719971, 151.0, 170.71875, 7.049589714719853
678.0, 16.443406503911657, 218.0, 168.03125, 10.647791272819246
679.0, 12.676814809410589, 162.0, 183.25, 10.56235708277826
680.0, 8.125294759577693, 110.0, 167.75, 8.924399266115003
681.0, 4.7758131333583895, 211.0, 188.34375, 9.913589845149094
682.0, 4.579450584363573, 159.0, 179.5625, 8.206369628306946
683.0, 7.275185460197584, 168.0, 182.90625, 13.289038493658753
684.0, -0.34986761875919625, 177.0, 216.28125, 18.202997634979326
685.0, 10.092969271517688, 162.0, 192.21875, 7.457332896640927
686.0, 16.847569033085545, 148.0, 162.28125, 5.800924011782442
687.0, -32.45526172131503, 160.0, 180.28125, 12.910774138842816
688.0, 19.5335517534515, 198.0, 182.59375, 10.757779127257585
689.0, 8.014427917235539, 110.0, 178.09375, 5.508910306402559
690.0, 2.0035975251400364, 126.0, 175.25, 5.956145196499104
691.0, 13.624240306139129, 233.0, 165.875, 8.657467295623242
692.0, 3.7026823428509763, 161.0, 169.34375, 9.731170774312732
693.0, 12.127713394015755, 143.0, 189.90625, 6.632134822160739
694.0, 1.6108363358082514, 177.0, 166.375, 5.6622033978285815
695.0, 17.44116168375021, 167.0, 170.125, 6.911641369195418
696.0, 14.36891221959593, 133.0, 163.65625, 7.240270118695491
697.0, 11.293810444343375, 164.0, 151.96875, 5.367687479110353
698.0, 6.852470818084495, 147.0, 171.625, 5.613853119189353
699.0, 11.850329329039388, 172.0, 165.15625, 7.643976236229094
700.0, 16.753412384264593, 216.0, 178.59375, 9.238262989419376
701.0, 14.742949497818136, 143.0, 176.0, 6.043964075592632
702.0, 22.596638054290345, 245.0, 168.40625, 9.262583593106784
703.0, 12.790763225992434, 188.0, 175.6875, 4.610636423910413
704.0, 17.513229612296573, 193.0, 163.59375, 9.883250904576295
705.0, 8.189706790408655, 101.0, 160.75, 6.600639375281586
706.0, 8.524650699202192, 131.0, 152.75, 4.405064114491563
707.0, 17.783077361809482, 254.0, 167.71875, 8.024217248455585
708.0, 5.263791395196354, 116.0, 172.09375, 4.71409220041896
709.0, 10.867113008788303, 177.0, 183.65625, 12.978294694841518
710.0, 7.670088199554748, 168.0, 172.375, 5.096976275256208
711.0, 9.464065757575304, 159.0, 165.75, 4.665133516908602
712.0, 16.821882946456977, 186.0, 170.1875, 10.04898413841988
713.0, 10.626752566883525, 148.0, 167.6875, 9.858923848420524
714.0, 12.310183082490896, 151.0, 173.875, 5.510364213895037
715.0, 11.317515936050718, 176.0, 156.15625, 8.298165545651415
716.0, 8.797587835978923, 129.0, 164.65625, 7.986181703322253
717.0, 9.328715271862084, 152.0, 174.28125, 5.1305980116543
718.0, 7.963115583002869, 100.0, 163.90625, 5.190761117034786
719.0, 5.74127789823834, 137.0, 160.21875, 4.977441113591
720.0, 10.609615792437896, 133.0, 207.625, 30.17766695774626
721.0, 7.638953979685979, 130.0, 159.59375, 8.149381640863528
722.0, 13.939265891448747, 169.0, 153.8125, 6.049474977328867
723.0, 1.8409014301564346, 105.0, 166.0, 5.220086215656104
724.0, 9.184428276299563, 112.0, 156.34375, 5.4650050074340095
725.0, 8.23686079052448, 223.0, 154.78125, 4.812170418716347
726.0, 9.546161641703895, 139.0, 156.0, 6.815760626878084
727.0, 15.967105647731277, 145.0, 163.03125, 6.424498029668186
728.0, 20.204463672087783, 210.0, 162.96875, 7.72472698793148
729.0, 12.37984066254102, 158.0, 210.25, 28.661417876267652
730.0, 8.49343876112538, 132.0, 175.625, 7.232582176802304
731.0, 10.02358368948387, 212.0, 190.28125, 11.727596554383641
732.0, 5.558113930827273, 181.0, 163.625, 6.462422265175509
733.0, -16.897303484123775, 279.0, 159.0625, 5.759098921439978
734.0, 13.448760780258358, 142.0, 157.25, 6.36175084603368
735.0, 16.962804373200868, 160.0, 156.28125, 7.9729682096546854
736.0, 9.847139407018366, 141.0, 142.4375, 6.23599002688462
737.0, 5.258584526486688, 96.0, 149.78125, 6.001201052110212
738.0, 22.510346724014834, 205.0, 154.46875, 7.414072062030274
739.0, -1.268482751907591, 164.0, 137.1875, 5.508397604864884
740.0, 17.024941960954884, 128.0, 135.59375, 6.254165961562531
741.0, 6.9726078934672975, 182.0, 144.5625, 8.23127676070754
742.0, 18.47401934542393, 224.0, 148.53125, 8.488415891550279
743.0, 9.851200292198978, 148.0, 174.6875, 9.397582994526193
744.0, 15.802109116556455, 157.0, 170.625, 11.233478441074855
745.0, 11.233660173346099, 157.0, 168.375, 5.697565323997125
746.0, 18.1078079326411, 147.0, 170.125, 6.8764355348665065
747.0, -3.205352305550386, 204.0, 151.625, 5.27240544885345
748.0, 13.861166536203147, 194.0, 169.125, 8.035263938745988
749.0, 15.927313239396593, 219.0, 158.15625, 4.841656486907418
750.0, 10.791626922347241, 179.0, 154.5625, 4.386591634183043
751.0, 11.028192701371513, 192.0, 166.25, 5.559873716972789
752.0, 9.829764886002856, 196.0, 154.15625, 6.8560664626841525
753.0, 13.397419929795632, 152.0, 143.09375, 5.771789185286036
754.0, 13.896123861217438, 144.0, 142.3125, 4.578002664074671
755.0, 9.48670579103301, 146.0, 149.21875, 4.661501961704305
756.0, 8.871908342775829, 181.0, 148.78125, 6.232113485157651
757.0, 11.514897584557199, 163.0, 152.0, 5.333631769620169
758.0, 13.232707445311137, 147.0, 148.5625, 5.779259619794688
759.0, 4.601354123859887, 129.0, 131.59375, 5.261449551569393
760.0, 9.44175447345584, 127.0, 137.125, 5.0939469375635245
761.0, 3.265166143013489, 139.0, 143.875, 4.144713412226533
762.0, 13.141695369432465, 125.0, 142.375, 6.880313258373276
763.0, 11.080995812975303, 139.0, 137.25, 4.728092940052611
764.0, 12.82461064947361, 159.0, 143.21875, 4.450843254457093
765.0, 7.621562618240038, 93.0, 146.53125, 4.334106248623218
766.0, -38.736770642790944, 603.0, 161.03125, 9.304688781242097
767.0, 4.846895530167604, 89.0, 155.125, 7.920467528266016
768.0, 13.101226983770852, 143.0, 158.71875, 9.756480713307308
769.0, 18.083397262863407, 150.0, 144.90625, 4.403232867802492
770.0, 2.5674918350778633, 130.0, 140.3125, 6.86901469399026
771.0, 2.4981876454692333, 115.0, 191.59375, 26.454399320827065
772.0, 14.57425203463819, 158.0, 141.90625, 3.944764312854781
773.0, 15.404127530832397, 136.0, 157.625, 4.944700730493298
774.0, 8.719590160864653, 107.0, 144.25, 7.378974663939418
775.0, 13.997065775414017, 147.0, 147.75, 4.873614745274159
776.0, 5.212972807899589, 121.0, 149.21875, 4.329156952736578
777.0, -1.4069615392220312, 113.0, 155.40625, 4.224602317685835
778.0, 7.816784818518226, 92.0, 147.4375, 5.32026298439335
779.0, 5.32866887728073, 107.0, 144.3125, 4.679997360606768
780.0, 14.875545274417297, 158.0, 147.0, 5.124065169130708
781.0, 11.47068920204717, 161.0, 152.1875, 3.641535833860132
782.0, 9.239487832621645, 130.0, 160.125, 4.663171555159907
783.0, 8.010783857719897, 147.0, 172.40625, 14.33935687082117
784.0, 13.260425346744555, 149.0, 143.78125, 4.215134942339856
785.0, 7.313387220392109, 179.0, 154.0, 4.688628379953332
786.0, 7.509336118843214, 123.0, 139.875, 3.9642286059251806
787.0, 4.587037452479819, 132.0, 155.1875, 5.517314601664773
788.0, 13.2648748103055, 140.0, 152.09375, 4.723578177753151
789.0, 12.270883101429154, 159.0, 161.21875, 6.5993321565123075
790.0, 4.602994740878024, 112.0, 153.90625, 6.214000362189476
791.0, 16.4996946060617, 184.0, 144.5, 4.032231700057588
792.0, 8.66720908955503, 137.0, 165.4375, 7.04983671964132
793.0, 13.46113214944007, 159.0, 198.625, 25.26653758364207
794.0, -88.15516334334612, 1600.0, 155.125, 5.513309302367268
795.0, 4.007399388998079, 122.0, 161.5625, 7.699964035327777
796.0, 13.363146880879004, 150.0, 146.90625, 4.312082533823922
797.0, 10.07458286336137, 170.0, 159.875, 8.838158762165865
798.0, 11.865005885599158, 158.0, 165.40625, 9.927874319531348
799.0, 16.77924609533756, 211.0, 155.03125, 6.955477732849777
800.0, 14.056290239274855, 177.0, 147.625, 6.777891868175879
801.0, 19.248766844989753, 209.0, 160.1875, 9.562153690338477
802.0, 11.175080307406699, 114.0, 152.3125, 7.724164232755936
803.0, 10.814466007013356, 168.0, 144.625, 6.399649128297494
804.0, 2.1413275578476516, 149.0, 159.78125, 7.678809490695675
805.0, 1.689063022552968, 145.0, 164.34375, 9.422139272438242
806.0, 10.346935851285282, 171.0, 153.46875, 4.475092307676038
807.0, 6.124985701941684, 125.0, 167.21875, 8.82856630167559
808.0, 9.466852552253942, 145.0, 156.90625, 7.729474539455036
809.0, 17.024369575295356, 241.0, 154.71875, 7.30240368120983
810.0, 22.761980830752996, 238.0, 156.46875, 7.700861070582058
811.0, 14.93298114550979, 188.0, 149.9375, 5.3227039219382615
812.0, 6.988003857032948, 117.0, 152.40625, 7.734786289342921
813.0, 10.186968512890887, 205.0, 162.15625, 5.3482904763086045
814.0, 11.886171248764397, 116.0, 203.78125, 22.322962667462956
815.0, 5.208527914570588, 188.0, 191.75, 21.759831069481372
816.0, 4.58968467487224, 113.0, 150.34375, 4.304222872074018
817.0, 3.699527457993131, 128.0, 157.78125, 3.3009351054183416
818.0, 13.530584575349609, 154.0, 136.75, 4.216563170325789
819.0, -15.48720246820919, 154.0, 213.15625, 21.64938980284238
820.0, 12.08225032672943, 154.0, 156.46875, 9.113432991205276
821.0, 5.551388392005601, 106.0, 143.59375, 3.5631274652190688
822.0, 16.299976859901193, 160.0, 142.28125, 4.786796040923412
823.0, 25.802135286556688, 197.0, 146.03125, 4.366965480346368
824.0, 10.712464832180746, 145.0, 146.59375, 6.252026870526102
825.0, 9.754727205007644, 156.0, 149.0625, 8.024752808022336
826.0, 11.126699336133544, 129.0, 151.125, 5.572400519384778
827.0, 7.583693814560059, 120.0, 140.71875, 4.2855337757631125
828.0, 17.621214378208787, 179.0, 146.9375, 4.496340973910565
829.0, 21.774932356930048, 205.0, 199.375, 24.330033473041354
830.0, 9.487197972006987, 168.0, 152.3125, 6.05585073265228
831.0, 10.76272880873586, 143.0, 152.34375, 5.491818937362833
832.0, 14.961949932327048, 158.0, 169.6875, 4.330493536940417
833.0, 6.772558890025542, 115.0, 155.15625, 3.941271355583148
834.0, 19.469889410499054, 201.0, 153.25, 6.098826196929476
835.0, 6.113784699861367, 148.0, 158.78125, 4.696461482558239
836.0, 7.297653192271898, 122.0, 141.59375, 5.354703390758132
837.0, 10.995687218409195, 209.0, 152.3125, 10.444799026710557
838.0, 16.74525014291978, 149.0, 156.6875, 5.212000128868435
839.0, 11.723475978206883, 147.0, 210.03125, 25.60071743430181
840.0, 6.877263943302314, 143.0, 155.375, 8.50599185059879
841.0, 9.253466127820962, 139.0, 144.4375, 4.001131043211668
842.0, 11.47367092610078, 155.0, 155.75, 5.326209132956963
843.0, 8.461887450202562, 122.0, 147.71875, 4.875548432714734
844.0, 14.469212593593094, 123.0, 152.84375, 4.7047334313599505
845.0, 18.198826754188744, 172.0, 144.59375, 4.563212667583555
846.0, 13.524428950793355, 129.0, 155.25, 5.801874505042909
847.0, 14.325799325421748, 147.0, 147.59375, 4.601789162254922
848.0, 14.401606473253345, 128.0, 157.9375, 5.461428826468319
849.0, 23.78806795558181, 222.0, 165.28125, 6.189661382383739
850.0, 17.876774469438107, 236.0, 172.4375, 6.434289800963278
851.0, 12.142570676220648, 144.0, 159.8125, 5.00205195992937
852.0, 19.080608006714176, 234.0, 157.875, 4.179420412845209
853.0, 13.908036544466068, 212.0, 168.34375, 6.96748549299482
854.0, 4.931783895895182, 112.0, 165.0625, 6.293759873475552
855.0, 8.930761319980533, 157.0, 167.625, 5.035259534884137
856.0, 19.99546881312784, 183.0, 162.53125, 5.121271328820595
857.0, 12.843238062848942, 180.0, 141.09375, 4.0777135049417
858.0, 15.239201426425804, 158.0, 159.0625, 7.210676223645277
859.0, 16.415855416460893, 157.0, 169.34375, 5.864280108750169
860.0, 13.634355231540757, 141.0, 156.34375, 6.964344151610445
861.0, 11.463271706633837, 123.0, 151.25, 6.019824767900585
862.0, 13.534839313142973, 142.0, 147.46875, 4.488997947553216
863.0, 7.769703109873552, 104.0, 148.21875, 4.798749324957468
864.0, 10.633242254090133, 118.0, 196.21875, 26.612631588437914
865.0, 10.138154514624526, 129.0, 194.5, 20.031604055258885
866.0, 16.1851370750676, 148.0, 145.96875, 9.225298654646805
867.0, 22.61302433784796, 198.0, 145.53125, 5.004818055703262
868.0, 22.926351031415194, 204.0, 134.3125, 4.859742812943263
869.0, 17.003633671500165, 162.0, 150.5625, 5.334300758502856
870.0, 12.348832137723814, 162.0, 156.65625, 7.588164375990327
871.0, 7.278536021683198, 116.0, 206.9375, 26.686908930611622
872.0, 7.866863944215535, 150.0, 157.96875, 7.464230737162942
873.0, 11.796421706965445, 135.0, 184.34375, 15.809605020291835
874.0, 17.93241922672089, 156.0, 166.25, 6.164849609424657
875.0, 19.598005407963544, 216.0, 159.40625, 5.267559186475639
876.0, 22.909372449974832, 212.0, 164.4375, 4.952959106851229
877.0, 1.2278339860419578, 181.0, 204.71875, 29.156632257859226
878.0, 8.064791352339071, 136.0, 221.75, 30.231027489905433
879.0, 14.746647125384174, 145.0, 164.90625, 6.304376961448474
880.0, 17.36026754612168, 170.0, 158.75, 4.065622223326687
881.0, 13.746931515068692, 147.0, 168.90625, 3.685636974224059
882.0, 13.956214082259798, 142.0, 177.875, 18.63340375307936
883.0, 9.66447900312779, 110.0, 169.90625, 6.045143154693858
884.0, 29.73059813142202, 416.0, 164.84375, 5.054188796259537
885.0, 9.682134813624593, 124.0, 187.4375, 8.057537383552278
886.0, 14.829929226815956, 188.0, 160.28125, 3.8295835301565204
887.0, 24.5722631679221, 255.0, 176.3125, 9.08795972545515
888.0, 11.438674550691136, 170.0, 220.375, 29.17631846501681
889.0, 12.428694035291695, 158.0, 168.0, 7.908660168423642
890.0, 17.344755213289, 151.0, 166.5, 7.221297899630866
891.0, 11.94170563631172, 181.0, 161.15625, 4.674704155959565
892.0, 10.617325215251533, 159.0, 173.40625, 4.5281269842597185
893.0, 13.61829706121479, 149.0, 170.5, 7.391565054889811
894.0, 7.860254281651182, 111.0, 176.15625, 8.112349998310567
895.0, 8.670524123744867, 110.0, 170.125, 5.637781793109869
896.0, 7.338274856831019, 132.0, 176.15625, 7.249234501848645
897.0, 20.147611915399754, 246.0, 166.75, 6.144672612692379
898.0, 5.370654881926277, 147.0, 178.96875, 6.5495159642028735
899.0, 7.849101044161394, 117.0, 165.5625, 4.451656559025867
900.0, 11.513983844610708, 162.0, 168.78125, 3.879506476484098
901.0, 15.81294518088123, 144.0, 173.6875, 6.430958058045739
902.0, 14.112486210043253, 156.0, 163.53125, 7.202660305214418
903.0, 20.174024951160575, 235.0, 165.65625, 11.352900784500799
904.0, 16.854457672775094, 228.0, 152.375, 4.837346736967609
905.0, 15.536841805839792, 158.0, 164.90625, 3.8026603542186717
906.0, 6.369919269907047, 150.0, 158.65625, 7.8317530101285415
907.0, 14.231887796897052, 160.0, 146.59375, 4.15203036102632
908.0, 14.334882613014626, 159.0, 155.6875, 4.939546770811166
909.0, 21.44674760839425, 209.0, 139.21875, 3.564205810474272
910.0, 13.068827792004441, 164.0, 157.40625, 3.4699750179132605
911.0, 13.427776427627231, 138.0, 146.46875, 3.646317322209465
912.0, 11.835787157511952, 136.0, 166.21875, 7.344474974327727
913.0, 13.876879151313254, 156.0, 168.75, 5.159124811440046
914.0, 9.700537873238767, 125.0, 157.1875, 7.425971545183134
915.0, 12.344026652769799, 167.0, 175.90625, 5.329924621755068
916.0, 11.786813016321856, 171.0, 169.09375, 4.331060159720665
917.0, 8.121131348695233, 103.0, 173.875, 7.116547419513271
918.0, 8.233046391444347, 102.0, 155.59375, 4.037863512466399
919.0, 9.583612576861949, 127.0, 169.1875, 7.25313459354604
920.0, 11.326964842217592, 143.0, 160.6875, 5.081111111724959
921.0, 12.766871049118615, 145.0, 206.90625, 20.288762886281607
922.0, 2.520114908488593, 241.0, 164.65625, 11.319681185940114
923.0, 8.762993147338243, 210.0, 161.34375, 4.7889700528929495
924.0, 13.933686703587886, 173.0, 161.71875, 7.6498204645360754
925.0, 9.864822576065569, 120.0, 206.8125, 21.515051796544757
926.0, 5.0239251252825365, 125.0, 195.5, 20.759041766245982
927.0, 23.656705934611917, 230.0, 142.625, 3.322852148275822
928.0, 13.627411706340498, 168.0, 173.5625, 5.9508172663752354
929.0, 11.698650974093338, 270.0, 190.71875, 9.322272044158217
930.0, 11.844431399203838, 189.0, 165.78125, 7.373691019192502
931.0, 7.727747246047009, 135.0, 180.09375, 11.120975638933656
932.0, 13.358514682028446, 168.0, 175.28125, 11.940443374828476
933.0, 3.8406247970966776, 169.0, 172.0625, 6.535642478622441
934.0, -25.358685467340813, 204.0, 209.53125, 28.338224638754763
935.0, 12.970976397868476, 161.0, 150.65625, 3.550246130633206
936.0, -20.19876282910838, 180.0, 180.90625, 14.54813936129737
937.0, 7.4691194924079785, 144.0, 224.0625, 25.96750550833074
938.0, 10.218171592425964, 112.0, 192.625, 8.905369722319154
939.0, 6.378571027427817, 189.0, 169.09375, 11.912098963971582
940.0, 17.482535698427938, 217.0, 322.59375, 40.888421434394985
941.0, 20.03795682250815, 191.0, 182.09375, 10.519875502255537
942.0, 12.43292652616777, 147.0, 171.1875, 4.7349734066876765
943.0, 5.95024069231822, 184.0, 216.3125, 26.81146349777127
944.0, 11.214314681951636, 182.0, 175.125, 8.140484124329834
945.0, -7.232867010690444, 314.0, 241.90625, 26.047254834536965
946.0, 9.334437979152037, 136.0, 237.5, 26.42291514741899
947.0, 13.631149740371825, 194.0, 169.8125, 10.218135915169578
948.0, 15.105941578878575, 188.0, 208.8125, 26.010654109368534
949.0, 13.857255310040168, 179.0, 179.28125, 8.509449090415993
950.0, 18.503747641435368, 162.0, 221.40625, 21.664818829413328
951.0, 20.828312845660864, 179.0, 191.8125, 8.465373496991777
952.0, 15.229873875560802, 251.0, 175.28125, 7.472247420747468
953.0, -14.526096461610503, 162.0, 212.15625, 25.320803918943113
954.0, -16.261319400452663, 422.0, 195.75, 9.80636660879775
955.0, 15.006844085613348, 268.0, 192.5, 9.547965036984559
956.0, 16.317581004726815, 232.0, 226.84375, 26.225980911743818
957.0, 16.80891275913371, 170.0, 176.9375, 5.426803978190521
958.0, 16.315042630687728, 168.0, 182.3125, 10.966268830316961
959.0, 17.665479155694953, 172.0, 171.375, 8.56109149765146
960.0, 6.005910541510961, 199.0, 217.875, 23.99002419619896
961.0, 11.323383308141896, 150.0, 160.0625, 4.346710943171779
962.0, 15.829734853817786, 183.0, 163.5, 7.888542349409206
963.0, 8.248582843652532, 124.0, 153.84375, 4.468742547844854
964.0, 18.833954096438184, 186.0, 162.75, 4.256020501781337
965.0, 10.149611866979194, 145.0, 166.21875, 9.86595325266884
966.0, 14.93098800498244, 155.0, 177.5, 7.442424585356555
967.0, 12.431248759396805, 154.0, 213.9375, 25.471820167693824
968.0, 13.42595182215042, 156.0, 147.28125, 3.729141403018385
969.0, 16.246084975639047, 203.0, 184.0625, 6.481295095902729
970.0, 13.134390550264294, 156.0, 180.40625, 7.1514205899249825
971.0, 7.53780039062354, 148.0, 171.6875, 7.803063250304421
972.0, 8.620318107668115, 201.0, 168.34375, 10.75435574877388
973.0, 9.356662290268085, 140.0, 176.84375, 7.8550362482641
974.0, 10.775434049880987, 148.0, 160.5, 8.737251615623585
975.0, 12.0695005091568, 140.0, 147.46875, 4.20978276584523
976.0, 8.760458955420292, 165.0, 167.125, 6.256064806954087
977.0, 12.731407550849932, 159.0, 163.15625, 5.754407302041063
978.0, 7.936644870104409, 145.0, 151.5, 3.151187122260492
979.0, 9.648305221400527, 149.0, 148.84375, 3.669312983741997
980.0, 8.406400732022819, 151.0, 175.90625, 6.284736454660839
981.0, 16.769197687268726, 216.0, 164.59375, 6.035482161672453
982.0, 8.196158129315108, 106.0, 178.53125, 8.328057491297619
983.0, 12.143631646841405, 184.0, 151.40625, 4.567597752692708
984.0, 9.040199341813695, 165.0, 158.625, 10.179769825349183
985.0, 8.481103039682035, 146.0, 161.875, 5.021291674833594
986.0, 9.516366236283552, 144.0, 189.6875, 11.170404427762357
987.0, 11.665641435195722, 142.0, 202.03125, 23.10155913453133
988.0, 11.138528341223326, 148.0, 191.8125, 25.950966756224517
989.0, 10.745344359209613, 150.0, 201.65625, 25.308635685884582
990.0, 16.60651028106158, 159.0, 261.09375, 27.524190758321247
991.0, 11.724306233536128, 141.0, 173.71875, 8.96979739284248
992.0, -29.195224252929222, 401.0, 157.9375, 3.691109927642269
993.0, 7.0225929858676395, 153.0, 191.625, 23.41020776661698
994.0, 11.670405495651222, 147.0, 157.5625, 4.185583496505734
995.0, 5.1139730569812984, 197.0, 236.875, 27.73234687899899
996.0, 7.868713949841585, 153.0, 268.28125, 32.66009582465946
997.0, 14.783791261592837, 234.0, 193.15625, 5.229673367448457
998.0, 14.530399999005347, 269.0, 167.4375, 5.228099222270006
999.0, 6.466178912751863, 151.0, 163.90625, 6.1854019666315665
1000.0, 14.83264512268454, 182.0, 169.9375, 5.340217109901836
1001.0, 7.39629117879876, 203.0, 180.28125, 5.9558461032551735
1002.0, 3.9457551668562196, 218.0, 180.9375, 4.6917792116492505
1003.0, -5.281513959786901, 208.0, 189.5625, 11.443699270664792
1004.0, 7.1340299127639994, 126.0, 256.90625, 25.977215447717484
1005.0, 8.06239853424512, 126.0, 206.75, 7.636311385578813
1006.0, 18.07080927806153, 173.0, 258.53125, 20.680875434386877
1007.0, 14.717300855088588, 187.0, 249.40625, 26.97645370432593
1008.0, 12.587477888405612, 290.0, 189.65625, 8.09940158689847
1009.0, 11.000255105920143, 199.0, 194.78125, 9.148525599957088
1010.0, 14.738754510293994, 181.0, 223.75, 11.328899365212838
1011.0, 23.715785005073283, 268.0, 246.65625, 25.291495463046427
1012.0, 18.351457596900694, 205.0, 192.53125, 10.220347900096574
1013.0, 13.535843029104731, 197.0, 223.25, 19.064522148589372
1014.0, 4.452893893175584, 101.0, 229.34375, 19.705227127427047
1015.0, 6.087315777568452, 124.0, 165.0625, 8.737297264438157
1016.0, 16.319364958044428, 165.0, 175.59375, 9.511403692985223
1017.0, 8.884854914544078, 167.0, 156.5, 5.824254665687667
1018.0, 11.21646013127211, 130.0, 157.0625, 4.34251685625351
1019.0, 12.095085249894451, 157.0, 188.9375, 19.77022789720335
1020.0, 14.734633201425083, 167.0, 154.25, 3.9402859688276393
1021.0, -5.29133424069226, 209.0, 177.9375, 8.904616136224888
1022.0, 16.248327544089317, 194.0, 168.78125, 8.960592308246019
1023.0, 9.153270966815805, 105.0, 175.125, 9.072827004392744
1024.0, 9.88996601452841, 160.0, 159.71875, 4.03562567970272
1025.0, 4.96712459043117, 130.0, 166.71875, 6.596286627394285
1026.0, 11.894238005586303, 161.0, 163.5625, 7.083332362753573
1027.0, 9.038031908482932, 112.0, 152.46875, 8.054911324512405
1028.0, 7.037432360928081, 124.0, 157.6875, 7.526574229336827
1029.0, 9.73594813688764, 238.0, 177.90625, 7.613427944060143
1030.0, 4.655814572851839, 127.0, 170.53125, 5.812870195397142
1031.0, 12.544299251234303, 172.0, 166.59375, 7.445509973441428
1032.0, 10.563327777659481, 131.0, 165.375, 5.50265754466848
1033.0, 16.412305961250013, 168.0, 158.625, 4.248074954679075
1034.0, 18.06395683359786, 196.0, 156.65625, 5.223108270415665
1035.0, 7.983783546848995, 111.0, 158.03125, 6.882003006782712
1036.0, 15.659095538272044, 157.0, 157.1875, 4.511371122413008
1037.0, 12.805592280339384, 183.0, 165.625, 6.0830310301628545
1038.0, 7.71751418448676, 112.0, 160.0, 5.357009046611809
1039.0, 6.772742148329677, 165.0, 179.125, 14.12847069874467
1040.0, 7.091210808651656, 187.0, 187.9375, 7.72477886881397
1041.0, 5.170820401746394, 162.0, 154.375, 4.491852986617898
1042.0, 10.342135909978234, 155.0, 170.65625, 13.326797346376463
1043.0, 20.22878793983594, 217.0, 210.96875, 21.843079714614724
1044.0, 14.221996243178326, 159.0, 162.09375, 6.172012850409541
1045.0, 18.442032029889486, 222.0, 150.65625, 5.077526222564006
1046.0, 10.531055233562537, 161.0, 170.71875, 5.6897985256705566
1047.0, 13.805686225651918, 164.0, 211.34375, 16.286243862750855
1048.0, 8.994496812480428, 140.0, 169.71875, 6.898935192878792
1049.0, -0.6559417743651098, 134.0, 164.78125, 4.47978479670188
1050.0, 15.003410997635058, 184.0, 168.5625, 8.455629320777422
1051.0, 0.8192594149580663, 145.0, 159.3125, 4.220500138853758
1052.0, 4.366337546033906, 240.0, 153.25, 8.465246998318593
1053.0, 9.990454663871235, 155.0, 166.34375, 10.08431803475405
1054.0, 14.144333976881494, 149.0, 165.15625, 6.145743990300797
1055.0, 9.382278469910657, 139.0, 154.1875, 4.4799059622984485
1056.0, 11.60098772352992, 144.0, 156.875, 4.398145267750859
1057.0, 12.030057174803094, 149.0, 148.875, 4.6856692862695954
1058.0, 11.816329534938532, 142.0, 168.5625, 11.396910980257296
1059.0, 17.511791384029557, 186.0, 154.0625, 3.616596359077224
1060.0, 5.480806688273178, 121.0, 140.8125, 4.6515035033058005
1061.0, 14.20520630908655, 157.0, 148.75, 7.285281213838653
1062.0, 7.294332200600715, 157.0, 195.71875, 22.687421637057987
1063.0, 7.72956133829684, 191.0, 144.6875, 3.459393222627504
1064.0, 16.604190983233018, 159.0, 152.375, 9.903525594036648
1065.0, 9.138455305597919, 103.0, 149.46875, 4.241356542875385
1066.0, 15.444657373404564, 172.0, 157.03125, 3.993460697880371
1067.0, 9.644435351876785, 137.0, 149.8125, 9.244376010875142
1068.0, 13.94150932438047, 141.0, 149.46875, 4.3624423389889815
1069.0, 16.60851178635659, 170.0, 141.6875, 7.0251442967216615
1070.0, 15.789287016400685, 159.0, 146.09375, 6.987857558421741
1071.0, 15.678769394397513, 159.0, 150.0625, 4.69983189771838
1072.0, 6.462822988017966, 124.0, 137.1875, 6.25792847448931
1073.0, 11.36202989266284, 133.0, 158.15625, 9.309125165594136
1074.0, 9.725302738146318, 106.0, 154.78125, 4.174125788967834
1075.0, 9.78829636321853, 145.0, 146.71875, 4.194039154502416
1076.0, 10.682914454856755, 152.0, 145.375, 4.508089660812134
1077.0, 17.207522105721285, 139.0, 146.90625, 6.017422680263143
1078.0, 4.967146862172308, 118.0, 139.84375, 5.5559272801812
1079.0, 8.333659059292293, 123.0, 139.8125, 3.0345443703416612
1080.0, 4.564720724325069, 115.0, 139.6875, 4.049190381292527
1081.0, 10.395391077226675, 147.0, 136.96875, 3.437707842819393
1082.0, 11.101895473386728, 138.0, 140.59375, 3.228006408822709
1083.0, 11.106041159622352, 137.0, 150.5, 3.630401966339727
1084.0, 17.22980102818342, 167.0, 144.4375, 3.7966379274422937
1085.0, 6.720913133109553, 141.0, 143.5625, 3.801554678952691
1086.0, 16.520555200993748, 191.0, 136.5625, 3.972705727002979
1087.0, 10.046606225262854, 127.0, 147.59375, 4.15840150436244
1088.0, 3.3535818597458045, 130.0, 141.75, 4.281119759887394
1089.0, 10.319943804787085, 135.0, 162.15625, 8.180079394339906
1090.0, 8.963519662596916, 127.0, 139.5, 4.985015960147877
1091.0, 9.03578118203354, 142.0, 141.96875, 9.360283183766642
1092.0, 7.684840961164829, 148.0, 134.96875, 3.6548743193045716
1093.0, 13.327146172439212, 169.0, 144.34375, 3.6430272517591846
1094.0, 12.000814167056545, 131.0, 140.28125, 4.025389587378839
1095.0, 4.177332358287253, 129.0, 159.3125, 4.301434341498233
1096.0, 7.097581330110588, 136.0, 145.5, 2.8198398934946263
1097.0, 11.25971902184659, 168.0, 145.59375, 4.211174470955995
1098.0, 3.276591094328227, 92.0, 156.53125, 4.461989277110135
1099.0, 14.215180571636148, 190.0, 160.4375, 4.711054058325316
1100.0, 14.864819618743446, 149.0, 142.09375, 3.3079335691090193
1101.0, 4.209063763322777, 132.0, 148.8125, 3.1283692722544756
1102.0, 13.68748400527953, 160.0, 152.90625, 3.4123116096652906
1103.0, 3.2960841478456437, 139.0, 155.75, 5.622734708043966
1104.0, 16.66019581687382, 184.0, 157.65625, 4.083196418767968
1105.0, 4.666543683563335, 202.0, 172.15625, 12.933875791010198
1106.0, 10.24626043955448, 184.0, 164.4375, 7.012899269042003
1107.0, 9.165902118166295, 152.0, 174.625, 7.61551462523756
1108.0, 10.880117375975697, 204.0, 167.84375, 4.0363353034795235
1109.0, 14.575365962912796, 193.0, 174.34375, 8.020120144819067
1110.0, 14.4787738189556, 155.0, 216.875, 29.72446369367197
1111.0, 19.426858728083083, 228.0, 156.6875, 10.702109610241703
1112.0, 11.936422306851961, 189.0, 154.28125, 12.34798979339244
1113.0, -143.9783702228892, 1600.0, 171.59375, 8.526060809878187
1114.0, 4.245364691653505, 133.0, 175.1875, 4.030459283264172
1115.0, 9.805863527682718, 137.0, 156.875, 5.569586651844226
1116.0, 11.976665263009425, 127.0, 200.6875, 27.27849894174642
1117.0, 15.227982232008287, 155.0, 156.09375, 7.5334378223844904
1118.0, 9.24821367957324, 167.0, 142.625, 3.8249181188634154
1119.0, 9.411862755943469, 134.0, 161.03125, 9.888157444051398
1120.0, 12.428637844861534, 184.0, 166.1875, 13.094153914086077
1121.0, 4.167845717825796, 102.0, 205.875, 20.66601226640346
1122.0, 15.030382335217212, 203.0, 160.0, 10.915521911628868
1123.0, 13.652694002076574, 190.0, 153.4375, 4.701857604155833
1124.0, 14.849293433119902, 190.0, 156.84375, 3.834913116123205
1125.0, 5.217992644356562, 96.0, 170.78125, 4.131197397154345
1126.0, 13.049840650287376, 214.0, 183.875, 7.687515848948894
1127.0, 14.72351417271061, 185.0, 170.84375, 10.775076698973827
1128.0, 10.59592501651571, 166.0, 165.40625, 4.006745564450294
1129.0, 10.938640803198735, 167.0, 161.90625, 5.514829000815878
1130.0, 13.716301260100188, 172.0, 184.28125, 4.660548742509284
1131.0, 6.687070160708318, 100.0, 156.25, 7.631647803186423
1132.0, 3.7757876719504244, 184.0, 178.59375, 10.531794482782294
1133.0, 9.422767180647183, 135.0, 179.59375, 9.349639995021716
1134.0, 2.3141399063070707, 103.0, 157.65625, 6.916970175143281
1135.0, 10.20567923593969, 198.0, 171.34375, 5.257087768061217
1136.0, 8.913391556456007, 170.0, 166.6875, 4.164296106068092
1137.0, 9.749216934538191, 199.0, 154.25, 4.066945807720336
1138.0, 14.117920353463582, 165.0, 160.21875, 4.064021033093429
1139.0, 7.72283644928654, 160.0, 157.75, 3.7446776361019807
1140.0, 8.325578483575734, 112.0, 153.4375, 4.495915766903029
1141.0, 11.21702210462981, 148.0, 154.3125, 8.515720982091807
1142.0, -3.1202512471085195, 268.0, 171.65625, 4.592856825367435
1143.0, -0.48600807683138847, 157.0, 183.59375, 17.203387753947577
1144.0, 10.075431675338397, 164.0, 165.5625, 4.433517416403383
1145.0, 16.979844417953537, 209.0, 155.71875, 6.376911954170396
1146.0, 16.14405823688518, 202.0, 183.4375, 6.401581195479926
1147.0, 12.853951047524589, 197.0, 163.3125, 11.520387658258935
1148.0, 12.471527016027029, 187.0, 175.28125, 6.618459959124825
1149.0, 10.57979214261924, 207.0, 167.0625, 4.173824716576235
1150.0, 8.439531501967856, 108.0, 170.5625, 3.692532057198134
1151.0, 8.087757542948435, 180.0, 175.25, 7.197497121464984
1152.0, 9.372682358858338, 224.0, 199.03125, 12.928610929731493
1153.0, 15.695447732365349, 203.0, 173.75, 5.082709025222662
1154.0, 3.197367577958164, 145.0, 171.3125, 6.173044733889772
1155.0, 10.38902620619181, 210.0, 228.9375, 16.847308774168066
1156.0, 7.061529814831701, 272.0, 175.40625, 6.527362527939475
1157.0, 11.294730765393862, 226.0, 166.40625, 9.361295576404634
1158.0, 7.747588005019228, 147.0, 173.5625, 11.087390195255914
1159.0, 4.900598482741866, 231.0, 165.375, 3.9051059779404214
1160.0, 2.3480814457085506, 138.0, 191.5, 22.57401999496719
1161.0, 8.887054843395937, 148.0, 166.28125, 8.107450108033401
1162.0, 8.594402527289375, 136.0, 156.84375, 8.159377400523303
1163.0, 11.21463437859632, 193.0, 215.4375, 23.73075333005678
1164.0, 10.71243757404892, 163.0, 163.84375, 5.283361997477428
1165.0, 12.932427665212607, 157.0, 170.4375, 17.45776012810683
1166.0, 14.589913203756936, 191.0, 166.46875, 4.514252575248417
1167.0, 12.541284704360265, 184.0, 173.5, 17.080038467049416
1168.0, 10.306179326801658, 144.0, 177.34375, 10.151158096230784
1169.0, 9.571997979189081, 141.0, 156.53125, 6.707552957897206
1170.0, 6.3192143381446995, 148.0, 155.53125, 6.803884211699634
1171.0, 10.720300194068582, 160.0, 146.53125, 4.143755107905737
1172.0, 8.507095486066133, 138.0, 144.625, 4.646945008110951
1173.0, 13.462820655689944, 166.0, 157.75, 3.2389198917100277
1174.0, 14.102449713455364, 142.0, 149.78125, 4.238420147071635
1175.0, 11.553140887429972, 196.0, 160.46875, 3.614220465599934
1176.0, 9.26838475372929, 162.0, 167.53125, 7.8456538568822936
1177.0, 13.616117778663515, 157.0, 150.53125, 4.127229494969061
1178.0, 10.47649920437769, 216.0, 146.71875, 6.902967770403687
1179.0, 15.838998020349432, 179.0, 141.09375, 4.20302435038102
1180.0, 4.3580361627429935, 121.0, 152.28125, 4.0005006287301415
1181.0, 3.790480443525192, 93.0, 153.03125, 6.917570206605615
1182.0, 3.391457008593358, 121.0, 145.78125, 6.328646742892994
1183.0, 7.406153227535501, 135.0, 160.0625, 4.036472697250063
1184.0, 17.298881477808155, 182.0, 148.875, 6.996558303352816
1185.0, 13.08324811733658, 178.0, 145.03125, 3.940505053119981
1186.0, -2.1279314807588197, 174.0, 164.4375, 6.71991198213862
1187.0, 8.15109861274343, 145.0, 150.78125, 5.98163210351755
1188.0, 11.33961680595441, 187.0, 145.09375, 4.308299534992044
1189.0, 3.91465695164724, 120.0, 152.75, 3.8584925379240396
1190.0, 10.104991158542795, 169.0, 150.21875, 7.187989590760563
1191.0, 3.063755215399434, 227.0, 142.875, 2.9467693136828177
1192.0, 2.2501663088283324, 96.0, 145.46875, 7.892799912852918
1193.0, 14.844792651271021, 160.0, 141.90625, 3.83347806839628
1194.0, 16.219874640504894, 167.0, 150.8125, 2.6446778791123062
1195.0, 13.902379502038006, 156.0, 145.46875, 3.9856422115234396
1196.0, 14.743693198426099, 168.0, 152.75, 3.616081952323626
1197.0, 4.323628604187098, 119.0, 158.28125, 3.560992157550847
1198.0, 1.8975570475787773, 144.0, 145.4375, 4.702341946746289
1199.0, 4.436968308316202, 120.0, 158.34375, 4.01730970407744
1200.0, 12.734341406980917, 172.0, 167.71875, 10.921682542340454
1201.0, 8.644509946336713, 153.0, 152.75, 3.3831963021178706
1202.0, 13.627533059208018, 189.0, 158.25, 3.6930651101194685
1203.0, 15.03153080018686, 214.0, 152.96875, 4.056401639914422
1204.0, 11.71338442279209, 172.0, 160.34375, 9.760230027878421
1205.0, 4.027104687462789, 129.0, 150.59375, 3.530704696842768
1206.0, 10.782461859991107, 198.0, 155.375, 3.518307701821423
1207.0, 3.6685339846577083, 132.0, 160.9375, 4.009699598614474
1208.0, 8.717421335690943, 112.0, 158.1875, 4.056349612885285
1209.0, 5.764696943935125, 111.0, 155.5625, 5.485001696569113
1210.0, 12.324759091345626, 167.0, 161.09375, 6.152759869408741
1211.0, 9.636673281722558, 174.0, 160.125, 3.015859860111948
1212.0, 6.3572942448203, 139.0, 194.375, 27.94293055206547
1213.0, 11.889726059475768, 217.0, 155.5, 8.065431842889918
1214.0, 10.306401124635817, 171.0, 160.28125, 3.0208332203949833
1215.0, 14.536138753066448, 181.0, 144.21875, 4.321441463921522
1216.0, 9.761625024127316, 137.0, 152.1875, 4.6237881750784835
1217.0, 11.236636182548635, 151.0, 161.40625, 6.355992914022029
1218.0, 4.490755367566788, 155.0, 166.28125, 4.380283764542276
1219.0, 9.67027740062194, 195.0, 163.625, 3.4821249695885093
1220.0, 7.126550574211308, 111.0, 146.65625, 3.786023483500637
1221.0, 14.614988604537464, 177.0, 150.34375, 3.8529772188182747
1222.0, 9.203332085183463, 112.0, 142.6875, 4.144621905390578
1223.0, 4.400443895782806, 97.0, 154.3125, 5.859562652522512
1224.0, 3.4039870124020988, 94.0, 143.625, 3.4940868757486268
1225.0, 12.944342559679985, 186.0, 139.84375, 4.11015217640643
1226.0, 12.518176367275718, 177.0, 152.3125, 3.9130585341108564
1227.0, 6.68706667094432, 110.0, 149.21875, 3.2493727686591516
1228.0, 3.7691343619431805, 127.0, 150.375, 4.149715436246294
1229.0, 5.7430960238704305, 112.0, 149.46875, 4.057821268181973
1230.0, 13.358882146552729, 173.0, 161.0625, 4.014801117744206
1231.0, 5.537244257315287, 111.0, 147.5625, 4.2300191831389835
1232.0, 11.641996421320913, 132.0, 150.0625, 3.3388160071812454
1233.0, 7.56111216628144, 137.0, 140.15625, 3.948121331224386
1234.0, 11.616312990495233, 162.0, 141.5, 3.9647564083788103
1235.0, 7.734581702707729, 135.0, 157.59375, 6.36963764409438
1236.0, 6.631995218963149, 183.0, 147.59375, 3.356608773479075
1237.0, 11.163109418218625, 166.0, 143.3125, 3.8123909479274474
1238.0, 10.8462617291458, 227.0, 158.1875, 6.2054435422284495
1239.0, 5.370250412152762, 99.0, 151.3125, 3.6460541311236905
1240.0, 1.623276189462493, 150.0, 194.40625, 23.765423456898095
1241.0, 7.264479204034847, 118.0, 152.875, 6.454536959746477
1242.0, 5.615665410719761, 109.0, 149.6875, 3.4940543280248773
1243.0, 7.674970145436429, 119.0, 146.90625, 3.1923169439575316
1244.0, 10.041734744495287, 146.0, 189.90625, 27.948710116213512
1245.0, 5.28992286638422, 160.0, 145.71875, 4.1884918732596566
1246.0, 5.4427182493774895, 147.0, 138.875, 3.7254463568658225
1247.0, 7.649841836129131, 140.0, 135.75, 3.126046657778129
1248.0, 6.891326519734697, 100.0, 137.78125, 3.358974442125037
1249.0, 9.94630258583018, 115.0, 135.71875, 2.9952900655031445
1250.0, 8.263717691868703, 104.0, 138.65625, 3.6025442252221103
1251.0, 8.161185346793248, 166.0, 137.875, 3.3178863223221677
1252.0, 11.93939375045835, 186.0, 151.5, 6.865645250363481
1253.0, 2.622114723973588, 115.0, 156.625, 5.548785742635743
1254.0, 2.9047084552426528, 89.0, 147.21875, 3.301444693465819
1255.0, 9.69163291504683, 200.0, 147.84375, 5.288376404622295
1256.0, 9.56594496505685, 134.0, 147.34375, 3.060916793702901
1257.0, 6.3888248122535245, 163.0, 142.5, 3.301780286812972
1258.0, 10.64073075118132, 158.0, 150.6875, 3.5143104374697915
1259.0, 3.872846591422241, 104.0, 148.0, 3.2407353938794152
1260.0, 7.993119985992939, 135.0, 132.46875, 2.4808401808920806
1261.0, 2.3181728218363906, 114.0, 143.53125, 2.8853365957655472
1262.0, 2.9381885609453393, 104.0, 136.09375, 3.420226001481304
1263.0, 10.326693213709882, 161.0, 135.71875, 3.223170236068325
1264.0, 6.5223551691928545, 152.0, 141.09375, 3.1440506500159566
1265.0, 11.071818831929242, 172.0, 143.125, 3.6134479967225377
1266.0, 5.346412491710375, 93.0, 156.09375, 3.010399177560887
1267.0, 1.6705673218016068, 190.0, 186.65625, 26.964826214195224
1268.0, 8.840039963501063, 154.0, 138.4375, 8.164052277151221
1269.0, 12.012342878508344, 174.0, 139.78125, 4.230496435744125
1270.0, 6.441183728996443, 151.0, 145.96875, 3.9134506450605957
1271.0, 9.986413250237131, 157.0, 146.8125, 6.863085086599091
1272.0, 13.074796088291192, 169.0, 136.59375, 4.670780515376088
1273.0, 4.974836155642681, 125.0, 140.5, 3.5445055993165604
1274.0, 6.054871076935369, 146.0, 140.8125, 9.338404447054549
1275.0, 7.5926436424967605, 147.0, 157.9375, 7.191633169974838
1276.0, 2.0155171182401763, 100.0, 131.53125, 3.273761667071371
1277.0, 3.8057717788472, 134.0, 138.71875, 3.7080369300787743
1278.0, 12.601236174629767, 160.0, 146.4375, 3.391657999572368
1279.0, 7.035199453132135, 151.0, 144.125, 3.156232863489713
1280.0, 5.397999728923583, 93.0, 139.875, 3.7459077058197168
1281.0, 7.842537361246341, 135.0, 157.15625, 9.546237408119223
1282.0, 12.78886083373226, 174.0, 137.8125, 4.244022452279198
1283.0, 11.823604211730764, 159.0, 146.21875, 3.6440027145219034
1284.0, 7.263493942994268, 134.0, 149.8125, 3.988807900709241
1285.0, 4.564254030891283, 97.0, 150.90625, 3.253765456332247
1286.0, 6.907476673300756, 150.0, 152.625, 3.6132294997039
1287.0, 4.691048256201543, 174.0, 161.0, 7.34771921535324
1288.0, 4.051324347209927, 132.0, 171.21875, 6.661904317318139
1289.0, 8.155998390591321, 127.0, 186.53125, 5.507140991954829
1290.0, 6.117449095828744, 121.0, 159.03125, 4.1434306933419975
1291.0, 13.833782707441046, 173.0, 172.28125, 6.870635721149446
1292.0, 13.307402900535424, 225.0, 161.21875, 3.31138417322618
1293.0, 9.523973349301903, 202.0, 197.25, 27.54775288968091
1294.0, 9.605521244472992, 156.0, 159.625, 6.3345265043173775
1295.0, 8.861348318782964, 180.0, 183.53125, 11.329732393887692
1296.0, 4.689559243712091, 150.0, 149.5, 7.716843522752631
1297.0, 5.362826963846496, 127.0, 147.1875, 4.055517593557996
1298.0, 8.11992621474918, 110.0, 159.3125, 3.188436343715043
1299.0, 2.6377214870668637, 100.0, 161.65625, 13.746042030059428
1300.0, 2.4689660783969396, 107.0, 160.09375, 9.896371055775559
1301.0, 4.608871918568126, 93.0, 149.34375, 8.423695454732588
1302.0, 2.9777164375592355, 135.0, 154.4375, 4.2892282688676415
1303.0, 4.100975359902786, 166.0, 151.84375, 7.041483704069829
1304.0, 5.199194285687379, 132.0, 161.96875, 4.566360159459547
1305.0, 7.768842536569309, 181.0, 153.71875, 3.416268875533441
1306.0, 9.104072533772685, 109.0, 164.65625, 9.095007074761648
1307.0, 7.922213117723919, 149.0, 154.5, 6.652327184740255
1308.0, 3.945546849787937, 124.0, 151.53125, 9.10734356660745
1309.0, 10.482020372409346, 140.0, 146.21875, 4.138381440510163
1310.0, -1.5993989897433083, 79.0, 155.28125, 3.924111630165452
1311.0, 2.2531303407470293, 98.0, 150.46875, 3.9511847063642613
1312.0, 3.011252970757515, 95.0, 159.0625, 3.862459744182152
1313.0, 5.962961801993115, 151.0, 218.71875, 27.354826262769937
1314.0, 9.766651656971673, 199.0, 174.59375, 3.446445196430367
1315.0, 7.920155155028429, 206.0, 170.28125, 8.97504528331493
1316.0, 1.9439480727567746, 195.0, 159.53125, 7.792744983710668
1317.0, 3.2433916736556467, 176.0, 172.53125, 7.202790391853118
1318.0, 11.235897880514292, 132.0, 160.90625, 6.927459458242336
1319.0, 3.2543485464712765, 123.0, 164.3125, 3.8711039313310702
1320.0, 8.934937047843015, 161.0, 168.71875, 4.244348599233852
1321.0, 2.7440109314898784, 160.0, 176.34375, 8.506099081676332
1322.0, 7.190946324445653, 214.0, 173.28125, 4.275145885518186
1323.0, 12.614339726789924, 163.0, 157.40625, 6.897993999484227
1324.0, 10.539419459520994, 206.0, 168.4375, 3.475749671239286
1325.0, 7.449205926044856, 104.0, 164.125, 8.675361586427732
1326.0, 9.454085703657379, 216.0, 218.71875, 26.988531440501195
1327.0, 7.192472139519053, 199.0, 210.90625, 25.352640056439423
1328.0, 10.557192964787957, 190.0, 171.46875, 3.284646138599963
1329.0, -131.1578406268569, 1600.0, 180.71875, 10.900248689842646
1330.0, 13.032938363417765, 163.0, 223.125, 27.757209493718857
1331.0, 7.163475225485971, 206.0, 188.59375, 6.860121323283508
1332.0, 5.365868577163746, 139.0, 180.78125, 7.915807240403081
1333.0, -1.727694948221361, 154.0, 168.59375, 6.484780926100751
1334.0, 3.351691128501084, 222.0, 200.9375, 10.075463096563068
1335.0, 13.547758212662817, 162.0, 169.34375, 7.026060203880392
1336.0, 3.8359839020499162, 273.0, 212.4375, 26.707284329025892
1337.0, 8.286516553916945, 113.0, 175.25, 11.329400666966638
1338.0, 9.9293819664758, 198.0, 161.71875, 4.1510289767167485
1339.0, 12.880484441849967, 195.0, 165.96875, 3.4998952254620255
1340.0, 8.162374262653909, 184.0, 155.6875, 4.061849930169425
1341.0, 3.2809958969309356, 123.0, 191.40625, 27.011036097543297
1342.0, 10.56650398223701, 191.0, 153.09375, 3.5115997322802386
1343.0, 7.415385043314089, 153.0, 147.84375, 6.212963178941968
1344.0, 8.189314548572593, 139.0, 144.5, 4.148244189823578
1345.0, 12.420558866100986, 173.0, 148.6875, 4.018092745764524
1346.0, 8.340636177827365, 200.0, 148.5, 7.388870837108897
1347.0, 7.418922130853975, 148.0, 144.53125, 3.551791505740746
1348.0, 10.09167421219633, 137.0, 150.5625, 2.9832017837532474
1349.0, 3.683195729629073, 120.0, 148.5, 3.718629592188597
1350.0, 12.42659934124555, 142.0, 144.0625, 10.751303338140108
1351.0, 9.294678814522165, 166.0, 195.96875, 27.268177845616
1352.0, 7.438663706869498, 109.0, 154.21875, 4.325252313825653
1353.0, 10.190570691959314, 164.0, 157.65625, 3.9190584404125155
1354.0, 11.939559153276829, 179.0, 189.125, 26.817290457666694
1355.0, 6.813727300975592, 138.0, 150.4375, 6.371919999180686
1356.0, 14.87878496163549, 185.0, 154.84375, 3.9164780094841793
1357.0, 3.1039200836486502, 93.0, 155.65625, 3.1724173170840615
1358.0, 3.8788808161559185, 129.0, 148.875, 3.50568990601119
1359.0, 6.652355052933309, 164.0, 167.40625, 3.823070829674509
1360.0, 13.449458493147084, 178.0, 174.34375, 9.28960950525036
1361.0, 1.8350907781761796, 95.0, 156.5625, 3.2508324551734264
1362.0, 6.957318874303525, 165.0, 210.0625, 27.107323495074603
1363.0, 9.587263248279788, 135.0, 165.28125, 6.9582142375299485
1364.0, 3.94882111566813, 94.0, 146.625, 3.347864793424751
1365.0, 6.73909712883758, 161.0, 160.90625, 7.336420978378224
1366.0, 0.7210605075520689, 95.0, 156.46875, 3.9998399987769417
1367.0, 9.449333773482111, 166.0, 160.875, 3.8345919298174014
1368.0, 13.196178966849038, 194.0, 159.71875, 2.7449525274688176
1369.0, 11.891124392603649, 162.0, 142.53125, 2.890848417714972
1370.0, 7.685213344970842, 156.0, 145.84375, 3.279903132429735
1371.0, 3.8699367978755657, 170.0, 155.28125, 3.5453549727407205
1372.0, 1.4745511063127, 122.0, 159.65625, 4.174272608709012
1373.0, 7.184559189982659, 168.0, 165.21875, 4.844737214996183
1374.0, 3.0297581933108155, 96.0, 171.0625, 10.034123440111067
1375.0, 6.982273510550431, 175.0, 164.0625, 4.051950190814804
1376.0, 12.23092727204281, 155.0, 156.0, 6.00973941017073
1377.0, 8.308728059518817, 118.0, 156.78125, 4.424662937592399
1378.0, 1.629135152285793, 97.0, 164.5, 5.832510768964331
1379.0, 8.681774735382358, 207.0, 208.84375, 27.787095705678286
1380.0, 8.231493824540449, 181.0, 166.84375, 9.165101302958062
1381.0, 7.399534379289536, 105.0, 184.75, 11.320454931231286
1382.0, 7.641648163107337, 183.0, 156.15625, 3.8109706839144772
1383.0, 14.662542149885862, 253.0, 181.875, 9.632162659051266
1384.0, 6.152508459823467, 174.0, 167.53125, 3.5096293806163636
1385.0, 2.6521984674071097, 94.0, 165.40625, 6.897006347746367
1386.0, 5.443040637330298, 89.0, 157.875, 6.149710528882485
1387.0, 3.5648553800673, 127.0, 174.84375, 7.148526200786935
1388.0, 10.621265784484617, 157.0, 155.78125, 4.11979007126156
1389.0, 6.620543198364893, 215.0, 163.0, 4.2763203099502505
1390.0, 4.637504604121471, 131.0, 158.0, 3.62265407913298
1391.0, 6.469935860086352, 133.0, 163.5625, 7.603921799439228
1392.0, 2.687044262162721, 99.0, 172.96875, 3.905304374323409
1393.0, 8.205974836141424, 106.0, 152.5625, 3.962467299066654
1394.0, 15.732685905878132, 193.0, 177.875, 4.316311403392549
1395.0, 3.588435804426352, 149.0, 162.28125, 5.331726833308443
1396.0, 1.7461182657021506, 90.0, 208.65625, 28.118490872214217
1397.0, 9.886149215801158, 215.0, 180.375, 4.173360088453583
1398.0, 3.7865594987698827, 127.0, 203.0625, 27.37592914846806
1399.0, 2.9045946690150295, 94.0, 149.6875, 4.0121177513342685
1400.0, 3.3871221655442953, 141.0, 162.96875, 4.11765044662238
1401.0, 18.92772614702519, 269.0, 166.1875, 4.280397552699546
1402.0, 13.245381662157307, 194.0, 163.0, 4.056292126858092
1403.0, 13.269515182829588, 187.0, 144.0, 4.156700673311995
1404.0, 6.4323253814490755, 131.0, 163.21875, 3.8100605417599134
1405.0, 7.035557913373552, 174.0, 200.09375, 28.36555848246225
1406.0, 14.001670145483184, 175.0, 161.875, 5.960022565186525
1407.0, 3.256560206925961, 88.0, 160.90625, 3.803312254000042
1408.0, 2.5398669570553, 153.0, 139.78125, 3.852694180144734
1409.0, 9.957077672616254, 189.0, 157.1875, 5.6498632935967485
1410.0, 12.474004109191807, 166.0, 141.4375, 4.428643703179452
1411.0, 3.639805834616033, 88.0, 154.4375, 5.800266405225403
1412.0, 1.1322592208725553, 100.0, 155.40625, 4.566969291989976
1413.0, 3.335589540809183, 89.0, 166.625, 3.5012810576732907
1414.0, 6.116738238550574, 162.0, 163.40625, 4.5008096417190036
1415.0, 7.0063990495744815, 99.0, 168.3125, 3.5285624106443882
1416.0, 0.8639636650105056, 95.0, 167.75, 3.5711314400135286
1417.0, 5.262777673871384, 148.0, 141.75, 5.933315685093997
1418.0, 2.633416283571815, 94.0, 152.40625, 6.514106239991141
1419.0, 0.05874132571108137, 147.0, 146.46875, 3.056977322072642
1420.0, -7.409009208974607, 248.0, 147.84375, 3.6975804659434623
1421.0, 3.0450872454393894, 92.0, 149.84375, 3.748574926346056
1422.0, 4.406830558171952, 151.0, 152.65625, 8.163075230559702
1423.0, 7.634443294812991, 157.0, 157.0625, 3.4410332230368237
1424.0, 1.829225479393497, 158.0, 148.625, 3.4237183542764313
1425.0, 7.064817952234641, 177.0, 139.375, 3.135734817302079
1426.0, 6.043467757195537, 167.0, 151.71875, 2.7278321926573303
1427.0, 6.695983226353094, 178.0, 141.28125, 2.6192827789435684
1428.0, 8.029055150952281, 171.0, 138.34375, 7.9449688500495395
1429.0, 4.645298163793932, 161.0, 149.625, 7.955994536491644
1430.0, 13.176258908541358, 198.0, 141.5625, 5.739368417125801
1431.0, 3.347458397834526, 151.0, 144.28125, 4.238561745082182
1432.0, 7.459340248579652, 168.0, 149.84375, 3.9506080986421264
1433.0, 7.506578438750525, 115.0, 142.78125, 3.1889289718027167
1434.0, 0.854973613587243, 160.0, 179.5625, 27.796658995365537
1435.0, 6.4705050810113525, 135.0, 145.53125, 9.497401296144764
1436.0, 7.0065393438560015, 161.0, 147.96875, 7.712741118622156
1437.0, 4.80578686742056, 82.0, 151.03125, 3.535044688036057
1438.0, 11.059559244281692, 188.0, 132.875, 2.8294609159304023
1439.0, 7.002165129980396, 191.0, 148.90625, 3.7151008158176118
1440.0, 9.292314474021305, 105.0, 133.5, 5.808011391765704
1441.0, 9.649354081085725, 188.0, 146.96875, 3.496139601686997
1442.0, 5.160993373379746, 217.0, 142.375, 6.653537557555488
1443.0, 3.2672816227982517, 90.0, 144.125, 9.25865147927404
1444.0, 7.5073324807916855, 189.0, 162.875, 3.8294273163435375
1445.0, 6.709868062164949, 186.0, 142.4375, 7.591044221848026
1446.0, 4.333322376041205, 167.0, 161.0, 5.860477095371083
1447.0, 7.1043012544675435, 168.0, 161.5625, 5.6370083018809005
1448.0, 2.4584273947369963, 135.0, 166.125, 2.8029739378157013
1449.0, 5.985916625091924, 145.0, 206.75, 27.555361895425676
1450.0, 5.719037752238225, 139.0, 157.0625, 6.0258714503959485
1451.0, 3.3885475867587953, 94.0, 158.0625, 5.2443278070653605
1452.0, 7.9134281782603235, 174.0, 158.96875, 5.966415406219189
1453.0, 4.879638449253366, 151.0, 146.46875, 2.976914776769841
1454.0, 4.4443491051280635, 83.0, 153.71875, 4.122488098143374
1455.0, 9.989930110347428, 172.0, 157.96875, 3.4718680978913747
1456.0, 14.491995505377636, 196.0, 150.9375, 2.704652592254122
1457.0, 4.559043951229869, 128.0, 161.625, 3.0897401306311116
1458.0, 0.7138208274127296, 222.0, 164.375, 4.509542275156539
1459.0, 9.573187210766903, 177.0, 207.40625, 26.577678895015566
1460.0, 5.967995605292361, 168.0, 155.4375, 5.45738472784102
1461.0, 9.047613382439149, 161.0, 188.25, 27.469257096672646
1462.0, 12.157933249794773, 177.0, 155.71875, 3.0934974915218643
1463.0, 6.639523558522934, 100.0, 138.875, 2.5569433554175847
1464.0, 8.449513064352622, 119.0, 196.78125, 27.328852960236752
1465.0, 5.752849589104285, 178.0, 146.78125, 2.908050472500404
1466.0, 7.449654543289158, 133.0, 151.53125, 2.9545918163711757
1467.0, 5.339680337788164, 158.0, 159.59375, 2.9173777791835827
1468.0, 4.526460707290241, 89.0, 173.71875, 3.019893810148746
1469.0, 5.901095957236899, 113.0, 173.21875, 6.439067644522945
1470.0, 14.63826314297772, 155.0, 147.8125, 2.9652363360071963
1471.0, 0.7218360507817434, 282.0, 156.3125, 3.283614909251386
1472.0, 5.158833632669667, 156.0, 208.5, 26.91173548034058
1473.0, 2.49163752996546, 135.0, 159.75, 2.82976538767398
1474.0, 8.183694632040112, 173.0, 163.1875, 4.720831455572919
1475.0, 6.625520951220217, 198.0, 166.5625, 3.3162152225618033
1476.0, 12.43027809974194, 203.0, 145.21875, 3.145209496465695
1477.0, 13.712937319957497, 201.0, 176.96875, 3.462913149499984
1478.0, 9.109154490834015, 112.0, 170.46875, 5.676996788538602
1479.0, 6.957890923633793, 170.0, 169.5625, 3.6616504436509483
1480.0, 7.803932264143754, 208.0, 166.0625, 3.3806463409122243
1481.0, 1.9507079999613421, 99.0, 179.34375, 5.50434197540279
1482.0, 11.26256029426963, 182.0, 165.34375, 6.688908036303483
1483.0, 9.7778118411201, 188.0, 181.71875, 4.358207033194191
1484.0, 11.033411952019163, 150.0, 160.25, 3.473351744368619
1485.0, 13.970626803643963, 204.0, 212.4375, 26.3655269135726
1486.0, 3.7673820478654747, 188.0, 196.0, 7.32522413278485
1487.0, 3.811958505840562, 174.0, 187.5625, 6.439868174044018
1488.0, 7.97893638137951, 129.0, 219.90625, 26.63387294293232
1489.0, 8.740157645879837, 161.0, 168.5625, 7.243454829164575
1490.0, 1.9062616419914282, 137.0, 185.90625, 6.144768709934406
1491.0, 8.755454541539798, 203.0, 190.96875, 7.329481767442281
1492.0, 9.010847652840242, 141.0, 220.40625, 28.037921876283786
1493.0, 3.9781403490860106, 93.0, 223.9375, 27.304149585337793
1494.0, 3.2662955604715345, 134.0, 306.40625, 45.31842316121442
1495.0, 10.73424341889977, 203.0, 221.65625, 27.800967183896557
1496.0, 7.9376636937577825, 166.0, 184.46875, 10.958958764477183
1497.0, 5.63635168075353, 245.0, 172.84375, 5.446268355662194
1498.0, 9.811614871789686, 248.0, 226.90625, 27.093427179754638
1499.0, 9.23333627588138, 175.0, 195.40625, 6.463784683294645
1500.0, 8.660648478501486, 142.0, 233.6875, 28.002629467450394
